시도,시군구,사고년도,2022,2022,2022,2022,2022,2022,2022,2022,2022,2022,2022,2022,2022
시도,시군구,사고년도,합계,01월,02월,03월,04월,05월,06월,07월,08월,09월,10월,11월,12월
합계,합계,사고[건],"196,836","15,894","12,362","13,620","16,472","18,065","16,481","17,115","16,496","17,216","18,508","17,578","17,029"
합계,합계,사망[명],"2,735",193,161,183,216,235,231,241,242,257,285,257,234
합계,합계,부상[명],"281,803","22,791","17,588","18,853","23,799","25,772","23,429","24,812","23,954","24,644","26,775","24,743","24,643"
합계,종로구,사고[건],974,65,59,70,90,88,78,109,77,99,81,77,81
합계,종로구,사망[명],3,0,0,0,0,1,1,0,1,0,0,0,0
합계,종로구,부상[명],"1,351",89,87,88,133,130,99,146,105,138,118,108,110
합계,중구,사고[건],943,77,59,54,81,72,73,87,66,88,81,92,113
합계,중구,사망[명],2,0,1,0,0,0,0,0,0,1,0,0,0
합계,중구,부상[명],"1,212",88,83,76,109,93,89,107,91,114,96,121,145
합계,용산구,사고[건],"1,014",87,70,59,67,87,82,96,91,80,116,84,95
합계,용산구,사망[명],11,0,1,0,1,0,2,0,2,3,1,0,1
합계,용산구,부상[명],"1,330",113,92,78,76,117,118,128,121,112,144,103,128
합계,성동구,사고[건],948,96,71,57,89,96,54,90,78,73,84,75,85
합계,성동구,사망[명],8,1,0,0,3,0,0,2,0,0,0,1,1
합계,성동구,부상[명],"1,222",128,89,81,111,119,71,116,99,96,108,93,111
합계,동대문구,사고[건],"1,534",154,85,94,116,151,110,139,112,128,147,127,171
합계,동대문구,사망[명],12,1,0,0,1,0,0,3,2,1,1,0,3
합계,동대문구,부상[명],"1,843",178,97,109,131,193,141,162,134,169,182,145,202
합계,성북구,사고[건],"1,288",98,76,84,99,109,109,122,116,107,123,115,130
합계,성북구,사망[명],8,0,0,1,1,0,1,1,1,1,1,0,1
합계,성북구,부상[명],"1,626",124,98,107,128,139,133,155,141,134,156,140,171
합계,도봉구,사고[건],522,54,41,39,44,52,41,41,45,44,37,43,41
합계,도봉구,사망[명],2,0,0,1,0,0,1,0,0,0,0,0,0
합계,도봉구,부상[명],705,76,54,50,69,60,49,55,72,58,44,57,61
합계,은평구,사고[건],918,77,54,62,75,88,87,76,64,97,92,77,69
합계,은평구,사망[명],9,1,0,2,1,0,2,1,0,1,0,0,1
합계,은평구,부상[명],"1,256",97,86,79,97,116,108,98,88,126,127,112,122
합계,서대문구,사고[건],974,79,64,62,98,88,86,85,83,91,85,79,74
합계,서대문구,사망[명],5,2,0,0,0,0,0,1,0,1,1,0,0
합계,서대문구,부상[명],"1,303",108,72,78,137,127,110,113,120,116,118,109,95
합계,마포구,사고[건],"1,065",85,74,54,99,95,77,87,97,111,101,93,92
합계,마포구,사망[명],10,0,1,0,1,2,1,1,1,2,1,0,0
합계,마포구,부상[명],"1,483",124,102,67,151,122,120,130,134,145,150,132,106
합계,강서구,사고[건],"1,606",140,116,112,135,154,155,143,126,131,133,125,136
합계,강서구,사망[명],15,2,1,0,3,3,1,3,1,1,0,0,0
합계,강서구,부상[명],"2,108",183,139,147,169,209,204,176,168,175,172,171,195
합계,구로구,사고[건],"1,274",101,85,74,92,130,94,109,108,106,133,113,129
합계,구로구,사망[명],12,2,1,0,1,2,0,0,1,1,1,1,2
합계,구로구,부상[명],"1,691",121,114,91,128,173,134,151,161,140,174,137,167
합계,영등포구,사고[건],"1,998",183,117,126,164,183,180,172,142,190,195,178,168
합계,영등포구,사망[명],20,4,0,2,1,1,1,4,3,0,1,0,3
합계,영등포구,부상[명],"2,707",244,162,151,228,252,247,237,182,262,258,251,233
합계,동작구,사고[건],"1,217",107,78,67,93,96,96,104,95,106,114,117,144
합계,동작구,사망[명],7,2,2,0,0,0,0,0,1,0,1,0,1
합계,동작구,부상[명],"1,651",153,112,93,122,132,118,148,121,138,163,171,180
합계,관악구,사고[건],"1,172",104,89,79,109,122,91,107,71,99,93,104,104
합계,관악구,사망[명],9,0,1,0,0,1,1,1,1,1,0,1,2
합계,관악구,부상[명],"1,535",143,110,97,153,151,114,146,81,124,129,141,146
합계,강남구,사고[건],"3,709",339,221,244,327,319,322,360,307,304,343,331,292
합계,강남구,사망[명],16,0,1,3,1,3,1,1,1,1,0,2,2
합계,강남구,부상[명],"5,052",448,322,326,455,457,428,476,431,421,452,439,397
합계,강동구,사고[건],"1,151",109,73,90,93,87,90,101,103,94,112,96,103
합계,강동구,사망[명],7,1,2,1,0,0,0,0,1,0,1,1,0
합계,강동구,부상[명],"1,553",166,83,117,136,116,132,130,129,125,142,123,154
합계,송파구,사고[건],"2,581",221,159,164,220,209,226,224,198,242,244,224,250
합계,송파구,사망[명],9,0,2,0,1,2,1,0,1,0,2,0,0
합계,송파구,부상[명],"3,594",321,220,230,301,285,310,323,276,322,352,315,339
합계,서초구,사고[건],"2,264",163,134,155,214,222,169,185,193,193,219,187,230
합계,서초구,사망[명],8,1,0,1,2,0,0,2,0,0,1,0,1
합계,서초구,부상[명],"3,391",250,187,198,322,325,286,247,311,278,358,278,351
합계,양천구,사고[건],"1,165",94,88,81,86,82,84,103,97,119,120,109,102
합계,양천구,사망[명],8,1,1,0,0,1,1,1,0,1,1,0,1
합계,양천구,부상[명],"1,529",128,114,114,112,110,110,142,127,144,153,139,136
합계,중랑구,사고[건],"1,401",114,89,95,133,135,119,128,121,123,108,121,115
합계,중랑구,사망[명],10,0,1,1,0,1,1,0,0,1,0,4,1
합계,중랑구,부상[명],"1,890",153,121,120,186,163,148,179,164,170,150,177,159
합계,노원구,사고[건],"1,384",115,71,96,134,121,129,110,127,119,139,108,115
합계,노원구,사망[명],6,0,0,0,2,0,1,0,1,1,0,1,0
합계,노원구,부상[명],"1,913",154,101,136,175,168,172,162,179,153,191,146,176
합계,광진구,사고[건],708,61,58,59,56,69,46,59,46,59,79,51,65
합계,광진구,사망[명],9,0,0,0,1,0,0,1,1,3,0,2,1
합계,광진구,부상[명],966,77,81,80,99,83,65,73,54,77,120,61,96
합계,강북구,사고[건],"1,044",78,82,57,73,97,83,102,94,90,103,97,88
합계,강북구,사망[명],6,0,0,0,1,0,0,0,0,1,2,1,1
합계,강북구,부상[명],"1,266",97,107,72,85,119,100,125,112,104,122,115,108
합계,금천구,사고[건],844,73,63,53,60,78,67,82,77,72,55,83,81
합계,금천구,사망[명],9,0,1,0,2,2,0,1,0,0,0,0,3
합계,금천구,부상[명],"1,152",105,86,67,92,106,91,101,104,99,77,116,108
합계,중구,사고[건],357,26,20,18,33,43,26,29,32,30,28,32,40
합계,중구,사망[명],3,0,0,0,1,0,0,0,0,0,0,1,1
합계,중구,부상[명],479,35,27,24,37,57,38,49,41,37,42,38,54
합계,서구,사고[건],445,33,33,30,36,44,47,33,34,34,41,40,40
합계,서구,사망[명],4,1,0,1,0,0,0,0,0,0,0,1,1
합계,서구,부상[명],642,41,57,38,48,60,66,46,56,46,57,69,58
합계,동구,사고[건],539,46,39,36,42,62,38,48,41,39,54,51,43
합계,동구,사망[명],4,1,0,0,0,0,1,0,0,0,0,2,0
합계,동구,부상[명],802,64,57,49,68,81,73,74,54,55,89,70,68
합계,영도구,사고[건],298,18,23,21,28,35,31,27,26,24,23,21,21
합계,영도구,사망[명],2,0,0,0,0,0,0,1,1,0,0,0,0
합계,영도구,부상[명],412,25,33,28,40,45,43,42,37,29,32,31,27
합계,진구,사고[건],"1,535",139,116,114,141,140,118,130,118,121,154,115,129
합계,진구,사망[명],10,1,2,0,0,1,1,2,0,1,0,2,0
합계,진구,부상[명],"2,116",191,141,144,205,213,169,184,163,157,215,155,179
합계,동래구,사고[건],819,58,47,63,71,78,77,55,70,77,74,81,68
합계,동래구,사망[명],7,0,0,0,0,0,1,0,1,2,1,1,1
합계,동래구,부상[명],"1,053",71,57,77,85,99,94,73,100,110,87,109,91
합계,남구,사고[건],711,59,48,69,59,62,43,67,56,55,62,67,64
합계,남구,사망[명],10,3,2,0,1,0,1,1,1,0,0,0,1
합계,남구,부상[명],896,70,56,87,74,74,59,88,66,77,79,88,78
합계,북구,사고[건],447,42,32,29,42,51,33,44,40,32,34,35,33
합계,북구,사망[명],4,0,0,0,1,0,1,1,0,0,0,1,0
합계,북구,부상[명],605,60,40,36,57,68,42,66,58,40,44,47,47
합계,해운대구,사고[건],817,74,53,49,72,83,74,55,54,88,92,53,70
합계,해운대구,사망[명],6,0,0,0,1,0,0,2,0,3,0,0,0
합계,해운대구,부상[명],"1,148",95,69,64,102,124,106,69,80,116,133,84,106
합계,사하구,사고[건],916,65,66,70,98,84,85,62,69,70,96,71,80
합계,사하구,사망[명],7,0,0,0,0,2,2,1,0,0,2,0,0
합계,사하구,부상[명],"1,213",86,84,86,146,103,100,87,102,98,127,94,100
합계,금정구,사고[건],816,76,55,45,76,57,62,70,74,79,69,76,77
합계,금정구,사망[명],11,0,0,0,2,0,1,0,2,1,2,3,0
합계,금정구,부상[명],"1,105",116,79,53,98,80,79,101,103,95,80,108,113
합계,강서구,사고[건],765,61,57,51,50,66,74,67,66,69,70,63,71
합계,강서구,사망[명],18,1,1,2,3,0,5,1,2,0,1,2,0
합계,강서구,부상[명],"1,100",91,92,77,80,99,92,96,100,92,104,87,90
합계,연제구,사고[건],646,42,44,57,52,63,59,52,52,53,54,58,60
합계,연제구,사망[명],4,1,0,0,0,0,1,0,1,0,0,1,0
합계,연제구,부상[명],850,56,52,73,87,77,84,61,65,71,65,79,80
합계,수영구,사고[건],717,57,41,41,59,80,78,66,59,56,67,56,57
합계,수영구,사망[명],3,0,0,0,0,0,0,1,1,0,1,0,0
합계,수영구,부상[명],953,68,47,49,78,104,94,94,89,74,97,77,82
합계,사상구,사고[건],579,52,38,42,57,58,42,56,42,45,48,52,47
합계,사상구,사망[명],10,1,1,0,0,1,1,2,0,3,0,1,0
합계,사상구,부상[명],727,63,53,49,80,70,54,67,51,59,62,59,60
합계,기장군,사고[건],475,38,34,39,39,50,34,36,39,46,40,44,36
합계,기장군,사망[명],10,3,1,0,0,0,0,1,1,1,1,1,1
합계,기장군,부상[명],728,56,56,68,51,68,60,55,51,66,66,79,52
합계,중구,사고[건],720,57,40,43,75,68,63,67,67,61,53,63,63
합계,중구,사망[명],3,0,0,0,0,1,0,1,0,0,0,1,0
합계,중구,부상[명],"1,025",82,53,60,101,91,96,88,99,95,68,86,106
합계,동구,사고[건],"1,522",125,105,100,131,123,126,140,130,133,137,153,119
합계,동구,사망[명],8,0,2,0,0,1,0,1,1,0,1,2,0
합계,동구,부상[명],"2,196",185,147,138,188,210,178,198,187,192,215,206,152
합계,서구,사고[건],942,67,69,77,76,100,62,83,64,92,76,97,79
합계,서구,사망[명],6,0,0,2,1,2,0,0,0,0,1,0,0
합계,서구,부상[명],"1,313",92,99,106,100,138,83,111,89,139,105,144,107
합계,남구,사고[건],643,48,44,54,47,62,70,58,43,52,62,47,56
합계,남구,사망[명],3,0,0,1,0,1,0,0,0,0,1,0,0
합계,남구,부상[명],898,73,61,68,65,97,95,79,57,74,87,61,81
합계,북구,사고[건],"1,875",142,128,127,166,176,172,159,151,153,182,182,137
합계,북구,사망[명],15,0,0,0,4,0,1,2,1,1,3,2,1
합계,북구,부상[명],"2,661",213,180,175,232,248,237,231,253,199,241,259,193
합계,수성구,사고[건],"2,005",167,121,148,157,183,155,185,151,208,168,198,164
합계,수성구,사망[명],8,0,0,0,0,0,0,2,2,0,3,1,0
합계,수성구,부상[명],"2,891",236,173,194,257,282,249,270,238,291,231,246,224
합계,달서구,사고[건],"2,558",221,161,185,232,254,222,226,198,197,229,217,216
합계,달서구,사망[명],15,3,0,1,1,2,2,1,1,0,1,2,1
합계,달서구,부상[명],"3,535",312,225,246,329,353,312,305,291,270,297,298,297
합계,달성군,사고[건],837,54,46,69,62,84,73,79,77,68,82,83,60
합계,달성군,사망[명],10,0,0,1,1,2,1,2,0,1,1,1,0
합계,달성군,부상[명],"1,202",79,72,106,87,112,103,117,116,102,114,111,83
합계,중구,사고[건],462,36,19,28,25,38,47,40,42,54,50,46,37
합계,중구,사망[명],11,2,0,1,0,1,0,0,2,1,1,2,1
합계,중구,부상[명],667,55,27,34,35,54,63,50,58,97,75,64,55
합계,동구,사고[건],113,12,2,5,10,15,5,10,11,14,8,10,11
합계,동구,사망[명],0,0,0,0,0,0,0,0,0,0,0,0,0
합계,동구,부상[명],158,18,8,7,11,18,6,13,19,15,8,20,15
합계,미추홀구,사고[건],"1,250",103,75,76,88,112,118,108,98,125,116,104,127
합계,미추홀구,사망[명],15,1,0,0,3,1,2,0,2,1,3,0,2
합계,미추홀구,부상[명],"1,670",135,102,105,113,154,155,152,136,169,142,129,178
합계,부평구,사고[건],"1,239",123,75,79,92,118,107,129,98,102,101,107,108
합계,부평구,사망[명],13,3,0,2,3,0,0,0,0,4,0,1,0
합계,부평구,부상[명],"1,561",155,96,97,109,149,133,164,132,128,117,140,141
합계,남동구,사고[건],"1,563",151,111,111,134,142,121,127,116,132,147,130,141
합계,남동구,사망[명],15,1,1,1,0,0,0,5,2,1,1,1,2
합계,남동구,부상[명],"2,231",221,162,147,192,188,171,172,168,191,227,195,197
합계,서구,사고[건],"1,587",144,74,122,134,133,123,145,139,152,146,116,159
합계,서구,사망[명],16,1,1,0,1,1,3,1,1,2,3,1,1
합계,서구,부상[명],"2,206",215,99,156,194,177,180,186,195,218,198,163,225
합계,연수구,사고[건],644,42,41,51,50,50,53,54,53,51,68,63,68
합계,연수구,사망[명],5,1,0,1,0,1,0,0,0,1,0,0,1
합계,연수구,부상[명],870,59,68,68,67,66,64,80,75,68,90,85,80
합계,계양구,사고[건],613,78,42,40,50,50,47,50,58,44,50,51,53
합계,계양구,사망[명],7,0,2,1,0,1,2,0,0,0,0,1,0
합계,계양구,부상[명],856,104,60,52,69,64,67,70,90,64,73,69,74
합계,강화군,사고[건],198,19,10,11,18,19,11,16,17,23,23,20,11
합계,강화군,사망[명],10,2,1,1,0,0,0,0,3,2,1,0,0
합계,강화군,부상[명],273,22,14,17,22,27,13,29,17,28,40,27,17
합계,옹진군,사고[건],26,2,2,-,3,4,3,2,4,1,3,1,1
합계,옹진군,사망[명],3,0,1,-,0,2,0,0,0,0,0,0,0
합계,옹진군,부상[명],41,4,1,-,9,5,3,4,6,2,4,1,2
합계,동구,사고[건],571,47,32,44,41,49,54,55,59,64,37,47,42
합계,동구,사망[명],6,0,0,2,0,2,0,2,0,0,0,0,0
합계,동구,부상[명],831,77,45,55,68,65,79,77,87,86,59,66,67
합계,서구,사고[건],"1,700",140,109,123,125,152,140,139,143,165,174,151,139
합계,서구,사망[명],11,2,2,0,0,0,0,0,0,3,4,0,0
합계,서구,부상[명],"2,614",211,176,174,202,243,204,233,217,251,278,232,193
합계,북구,사고[건],"2,113",168,130,149,173,210,186,183,161,205,180,193,175
합계,북구,사망[명],18,2,0,2,0,3,3,3,0,1,3,0,1
합계,북구,부상[명],"3,201",274,195,216,243,327,286,297,233,299,289,279,263
합계,광산구,사고[건],"2,077",160,121,161,181,209,186,174,172,172,203,160,178
합계,광산구,사망[명],20,0,0,0,1,3,0,6,2,1,2,4,1
합계,광산구,부상[명],"3,164",233,195,252,299,331,265,253,255,271,311,223,276
합계,남구,사고[건],661,62,34,38,59,65,67,75,46,47,60,60,48
합계,남구,사망[명],3,0,0,2,0,0,0,0,0,0,0,0,1
합계,남구,부상[명],912,87,45,43,81,99,94,99,75,63,79,78,69
합계,동구,사고[건],947,79,65,94,77,87,77,91,67,67,84,90,69
합계,동구,사망[명],14,0,0,1,0,3,0,0,0,2,2,4,2
합계,동구,부상[명],"1,369",122,103,122,108,122,112,130,96,89,119,127,119
합계,중구,사고[건],"1,024",85,56,66,88,92,95,84,77,102,79,88,112
합계,중구,사망[명],5,1,0,1,2,0,0,0,0,0,0,0,1
합계,중구,부상[명],"1,469",125,79,91,124,132,149,112,113,132,123,136,153
합계,서구,사고[건],"2,302",169,148,184,179,212,181,193,190,196,234,209,207
합계,서구,사망[명],9,0,0,2,2,0,0,0,0,1,0,1,3
합계,서구,부상[명],"3,239",240,202,260,251,294,247,278,267,296,336,290,278
합계,유성구,사고[건],"1,645",137,93,137,153,149,138,136,115,145,166,162,114
합계,유성구,사망[명],13,1,1,2,0,0,3,0,2,1,1,0,2
합계,유성구,부상[명],"2,472",200,137,221,224,238,195,215,156,235,246,220,185
합계,대덕구,사고[건],923,69,41,59,73,81,73,85,63,108,91,103,77
합계,대덕구,사망[명],10,1,1,1,1,1,0,0,1,0,3,0,1
합계,대덕구,부상[명],"1,301",90,51,85,99,113,110,121,80,172,131,137,112
합계,중구,사고[건],603,48,43,48,47,50,51,37,51,48,65,50,65
합계,중구,사망[명],4,0,0,1,1,0,1,0,0,0,1,0,0
합계,중구,부상[명],880,67,59,70,58,77,76,46,78,66,88,88,107
합계,남구,사고[건],"1,094",82,65,71,80,115,117,95,72,96,107,104,90
합계,남구,사망[명],5,0,1,0,0,0,0,1,0,1,1,1,0
합계,남구,부상[명],"1,423",116,91,92,105,148,145,132,85,122,136,144,107
합계,동구,사고[건],501,53,24,30,46,56,55,49,50,34,34,40,30
합계,동구,사망[명],2,0,0,0,0,0,0,0,0,0,0,2,0
합계,동구,부상[명],622,71,32,43,61,65,71,58,61,39,40,45,36
합계,북구,사고[건],802,64,55,57,57,80,71,64,69,59,73,77,76
합계,북구,사망[명],10,0,1,1,2,1,0,0,3,1,1,0,0
합계,북구,부상[명],"1,247",101,84,93,81,118,106,114,93,98,111,130,118
합계,울주군,사고[건],660,40,34,29,48,67,47,58,67,68,66,70,66
합계,울주군,사망[명],11,0,0,2,2,1,0,1,1,0,0,1,3
합계,울주군,부상[명],"1,005",58,53,50,72,96,70,87,105,106,97,100,111
합계,세종시,사고[건],932,46,44,63,78,85,103,78,77,87,105,88,78
합계,세종시,사망[명],17,0,1,0,4,1,3,1,3,1,2,0,1
합계,세종시,부상[명],"1,330",56,62,88,123,113,146,108,102,126,160,134,112
합계,수원시,사고[건],"4,705",471,318,325,359,416,370,368,384,393,430,387,484
합계,수원시,사망[명],25,1,2,1,2,2,3,3,2,5,2,1,1
합계,수원시,부상[명],"6,569",683,442,461,484,558,504,538,513,524,590,548,724
합계,성남시,사고[건],"3,599",331,212,227,291,323,270,287,285,318,336,307,412
합계,성남시,사망[명],27,5,1,1,0,3,4,2,3,1,3,1,3
합계,성남시,부상[명],"5,063",434,292,294,412,442,387,436,445,434,479,415,593
합계,의정부시,사고[건],"1,683",135,121,138,117,132,137,134,139,148,165,153,164
합계,의정부시,사망[명],13,2,2,0,2,0,2,0,0,1,0,2,2
합계,의정부시,부상[명],"2,304",183,170,201,153,181,195,196,184,191,224,204,222
합계,안양시,사고[건],"1,134",84,65,75,103,94,99,119,74,95,114,100,112
합계,안양시,사망[명],15,1,0,1,1,2,1,0,1,2,1,4,1
합계,안양시,부상[명],"1,616",108,104,104,142,146,148,172,90,110,191,142,159
합계,부천시,사고[건],"3,457",319,232,239,253,309,281,307,294,306,310,299,308
합계,부천시,사망[명],18,2,3,1,2,0,0,3,2,1,1,2,1
합계,부천시,부상[명],"4,695",420,307,325,338,405,386,403,427,417,415,427,425
합계,안산시,사고[건],"3,685",295,251,274,305,354,308,304,307,314,320,332,321
합계,안산시,사망[명],22,0,0,2,3,5,1,0,0,1,6,0,4
합계,안산시,부상[명],"5,388",446,374,378,458,488,478,449,435,474,476,474,458
합계,평택시,사고[건],"3,508",279,227,240,296,314,303,301,299,311,317,328,293
합계,평택시,사망[명],56,2,5,6,3,5,1,12,6,3,4,5,4
합계,평택시,부상[명],"5,246",391,350,337,491,487,461,432,423,472,453,511,438
합계,광명시,사고[건],950,66,77,83,80,88,77,75,69,74,87,80,94
합계,광명시,사망[명],10,2,1,0,0,1,0,2,1,0,1,1,1
합계,광명시,부상[명],"1,300",87,119,124,111,116,94,100,90,118,108,104,129
합계,구리시,사고[건],716,79,51,43,59,60,42,71,70,61,64,47,69
합계,구리시,사망[명],2,0,0,0,0,2,0,0,0,0,0,0,0
합계,구리시,부상[명],"1,102",117,68,65,75,116,51,103,118,110,105,76,98
합계,양주시,사고[건],"1,123",82,66,82,81,105,83,101,96,97,112,122,96
합계,양주시,사망[명],14,2,2,0,0,2,1,1,2,1,1,2,0
합계,양주시,부상[명],"1,595",122,96,110,120,159,113,146,129,135,152,174,139
합계,여주시,사고[건],558,46,33,45,41,62,47,53,48,45,52,38,48
합계,여주시,사망[명],15,0,2,1,0,3,3,1,1,1,1,0,2
합계,여주시,부상[명],940,79,46,66,58,95,95,99,81,95,94,61,71
합계,화성시,사고[건],"3,230",286,186,224,266,278,248,279,257,271,301,303,331
합계,화성시,사망[명],43,2,1,4,2,6,2,6,3,2,6,6,3
합계,화성시,부상[명],"4,768",397,270,326,386,420,360,385,380,433,478,435,498
합계,시흥시,사고[건],"2,372",181,129,166,202,232,190,202,201,229,206,234,200
합계,시흥시,사망[명],22,2,1,4,0,1,2,2,0,3,1,2,4
합계,시흥시,부상[명],"3,493",271,208,231,318,329,269,289,303,340,301,323,311
합계,파주시,사고[건],"1,673",127,93,124,128,137,146,148,135,145,160,150,180
합계,파주시,사망[명],27,1,1,4,0,6,1,2,1,1,2,4,4
합계,파주시,부상[명],"2,372",170,126,184,181,170,222,206,179,219,246,194,275
합계,고양시,사고[건],"3,588",339,218,220,271,341,308,313,318,309,326,304,321
합계,고양시,사망[명],37,2,1,0,6,3,6,2,5,3,2,3,4
합계,고양시,부상[명],"5,079",504,309,311,372,500,443,455,449,450,410,430,446
합계,광주시,사고[건],"2,178",170,138,159,185,185,168,177,189,177,207,178,245
합계,광주시,사망[명],12,1,0,2,1,0,2,0,0,0,0,3,3
합계,광주시,부상[명],"3,251",262,199,223,276,265,248,276,257,290,347,249,359
합계,연천군,사고[건],178,10,13,9,14,12,19,12,16,20,26,17,10
합계,연천군,사망[명],8,1,0,0,0,0,1,2,0,1,0,2,1
합계,연천군,부상[명],283,17,19,10,24,16,28,30,24,36,41,20,18
합계,포천시,사고[건],826,72,33,41,70,82,71,70,75,81,90,78,63
합계,포천시,사망[명],16,1,0,0,3,0,2,1,3,0,1,5,0
합계,포천시,부상[명],"1,336",114,48,66,114,149,129,129,104,132,142,118,91
합계,가평군,사고[건],400,23,20,17,36,45,40,46,45,34,43,26,25
합계,가평군,사망[명],3,0,0,1,0,0,0,0,1,0,1,0,0
합계,가평군,부상[명],675,40,27,26,59,80,71,81,82,45,86,43,35
합계,양평군,사고[건],490,27,24,24,46,50,40,47,52,56,47,41,36
합계,양평군,사망[명],15,0,1,0,1,0,0,3,2,2,2,2,2
합계,양평군,부상[명],751,41,36,40,66,76,56,72,72,83,81,78,50
합계,이천시,사고[건],"1,050",110,58,70,87,96,73,90,95,94,108,87,82
합계,이천시,사망[명],20,2,1,0,1,1,1,2,2,2,2,1,5
합계,이천시,부상[명],"1,607",177,89,100,114,158,114,118,139,137,215,129,117
합계,용인시,사고[건],"3,562",321,252,230,284,328,298,318,273,328,328,301,301
합계,용인시,사망[명],32,2,0,2,1,4,1,0,3,6,4,6,3
합계,용인시,부상[명],"5,477",467,367,303,430,548,441,559,404,481,495,432,550
합계,안성시,사고[건],896,75,61,57,69,79,80,70,70,77,84,87,87
합계,안성시,사망[명],17,0,3,0,2,4,0,1,0,1,3,2,1
합계,안성시,부상[명],"1,499",143,105,72,139,122,137,120,118,133,140,126,144
합계,김포시,사고[건],"1,933",178,120,118,150,168,168,154,182,151,198,169,177
합계,김포시,사망[명],11,0,1,2,0,1,0,1,0,2,2,2,0
합계,김포시,부상[명],"2,926",303,192,182,235,257,217,217,284,230,299,240,270
합계,동두천시,사고[건],273,16,17,18,26,24,23,24,23,16,26,32,28
합계,동두천시,사망[명],5,0,0,0,0,0,0,1,0,0,3,0,1
합계,동두천시,부상[명],376,24,23,22,31,35,34,31,35,19,32,50,40
합계,과천시,사고[건],208,11,14,15,13,29,12,19,18,15,19,14,29
합계,과천시,사망[명],4,0,0,0,1,1,0,0,0,0,0,0,2
합계,과천시,부상[명],354,31,23,23,16,40,19,26,37,23,28,44,44
합계,군포시,사고[건],593,54,43,45,58,61,39,48,38,46,42,60,59
합계,군포시,사망[명],9,2,0,1,1,1,2,2,0,0,0,0,0
합계,군포시,부상[명],867,84,87,61,76,90,54,57,49,67,61,102,79
합계,남양주시,사고[건],"1,970",148,125,149,139,162,172,202,167,169,189,172,176
합계,남양주시,사망[명],24,3,2,2,3,1,2,4,3,0,2,1,1
합계,남양주시,부상[명],"2,927",218,171,228,194,248,248,313,280,263,258,241,265
합계,오산시,사고[건],997,72,53,63,74,89,89,93,97,75,92,103,97
합계,오산시,사망[명],10,0,1,0,2,1,0,0,0,1,1,3,1
합계,오산시,부상[명],"1,418",103,83,87,126,108,105,129,145,107,127,163,135
합계,의왕시,사고[건],300,30,24,29,21,18,18,26,27,26,28,24,29
합계,의왕시,사망[명],10,2,0,1,2,1,1,0,1,0,2,0,0
합계,의왕시,부상[명],471,59,35,42,22,38,28,50,34,39,52,27,45
합계,하남시,사고[건],"1,133",102,59,66,97,100,95,110,90,100,99,110,105
합계,하남시,사망[명],5,0,0,0,1,0,1,1,2,0,0,0,0
합계,하남시,부상[명],"1,629",146,101,82,131,139,141,138,124,147,141,157,182
합계,춘천시,사고[건],"1,382",88,77,89,115,134,130,115,143,121,150,116,104
합계,춘천시,사망[명],17,2,0,0,1,0,3,0,1,2,5,2,1
합계,춘천시,부상[명],"2,170",121,127,122,176,198,190,221,261,197,191,200,166
합계,원주시,사고[건],"1,578",136,101,128,137,143,121,130,130,134,139,124,155
합계,원주시,사망[명],18,1,0,1,2,2,2,1,4,3,1,0,1
합계,원주시,부상[명],"2,427",226,144,191,212,213,176,210,202,211,215,185,242
합계,동해시,사고[건],310,28,14,21,22,24,27,22,31,29,33,36,23
합계,동해시,사망[명],6,0,0,0,0,0,2,0,1,1,1,1,0
합계,동해시,부상[명],476,43,24,31,36,36,40,29,46,46,49,62,34
합계,강릉시,사고[건],712,60,38,47,50,45,61,61,75,69,74,73,59
합계,강릉시,사망[명],14,3,0,2,0,1,0,0,0,3,0,3,2
합계,강릉시,부상[명],"1,046",105,60,73,82,55,94,84,119,94,104,101,75
합계,속초시,사고[건],413,25,21,22,37,34,38,35,56,31,45,32,37
합계,속초시,사망[명],5,0,0,0,0,1,1,0,0,0,1,2,0
합계,속초시,부상[명],664,36,31,34,55,48,59,53,110,40,86,51,61
합계,태백시,사고[건],228,18,10,11,16,24,17,26,22,18,27,15,24
합계,태백시,사망[명],3,0,0,0,0,0,0,1,0,0,1,0,1
합계,태백시,부상[명],361,26,21,22,23,27,26,48,34,24,45,26,39
합계,삼척시,사고[건],209,9,9,15,24,19,11,23,17,19,23,29,11
합계,삼척시,사망[명],8,0,0,1,0,0,0,0,1,1,0,3,2
합계,삼척시,부상[명],289,9,13,18,37,34,18,37,22,21,28,35,17
합계,홍천군,사고[건],268,23,16,19,23,22,18,23,29,25,34,13,23
합계,홍천군,사망[명],9,0,0,1,0,1,1,1,1,1,2,1,0
합계,홍천군,부상[명],496,39,29,24,42,38,28,51,57,46,66,28,48
합계,횡성군,사고[건],152,14,8,8,16,8,9,16,16,23,17,9,8
합계,횡성군,사망[명],10,2,1,0,1,0,0,0,0,2,3,1,0
합계,횡성군,부상[명],253,14,10,13,34,13,13,37,36,32,27,14,10
합계,영월군,사고[건],149,14,8,10,7,13,14,13,14,19,11,16,10
합계,영월군,사망[명],8,1,0,0,0,1,2,0,1,0,0,2,1
합계,영월군,부상[명],247,25,14,15,8,21,20,35,20,26,19,28,16
합계,평창군,사고[건],196,9,11,8,16,14,23,14,25,20,26,16,14
합계,평창군,사망[명],13,0,0,2,1,0,2,1,1,3,2,1,0
합계,평창군,부상[명],354,27,16,13,26,24,47,21,55,26,46,26,27
합계,정선군,사고[건],158,12,10,11,14,15,11,19,19,16,12,14,5
합계,정선군,사망[명],3,2,1,0,0,0,0,0,0,0,0,0,0
합계,정선군,부상[명],246,21,22,15,22,21,14,31,34,22,19,17,8
합계,철원군,사고[건],113,7,5,6,7,11,11,16,9,10,14,6,11
합계,철원군,사망[명],1,0,0,0,0,0,0,1,0,0,0,0,0
합계,철원군,부상[명],178,9,5,12,10,20,17,27,17,17,20,9,15
합계,화천군,사고[건],87,8,3,1,9,9,6,10,6,5,10,10,10
합계,화천군,사망[명],4,3,0,0,0,0,0,0,0,0,0,0,1
합계,화천군,부상[명],161,14,6,2,14,17,6,24,11,10,19,16,22
합계,양구군,사고[건],79,6,3,4,10,8,3,5,8,4,11,13,4
합계,양구군,사망[명],5,0,0,1,0,2,1,0,1,0,0,0,0
합계,양구군,부상[명],107,10,5,4,11,10,2,6,13,7,15,19,5
합계,인제군,사고[건],89,4,4,8,6,9,13,3,10,10,12,7,3
합계,인제군,사망[명],5,1,0,1,0,0,1,0,0,1,0,1,0
합계,인제군,부상[명],151,8,6,8,15,12,18,6,24,9,30,12,3
합계,고성군,사고[건],146,8,4,6,15,11,18,21,11,10,13,12,17
합계,고성군,사망[명],2,0,0,0,1,0,0,0,0,0,0,1,0
합계,고성군,부상[명],245,8,4,7,20,30,31,29,18,13,19,15,51
합계,양양군,사고[건],156,20,4,8,4,10,14,14,27,19,21,8,7
합계,양양군,사망[명],8,0,0,0,0,0,5,0,1,0,1,0,1
합계,양양군,부상[명],289,37,5,43,7,14,20,28,39,33,40,15,8
합계,청주시,사고[건],"4,039",274,242,284,336,385,336,337,347,370,384,398,346
합계,청주시,사망[명],52,5,3,3,6,6,5,3,2,3,8,4,4
합계,청주시,부상[명],"5,846",391,348,401,508,556,485,506,470,562,545,563,511
합계,충주시,사고[건],"1,053",61,69,71,89,97,95,90,86,113,92,113,77
합계,충주시,사망[명],28,0,2,0,2,2,6,3,3,2,2,5,1
합계,충주시,부상[명],"1,561",96,104,97,134,155,137,140,123,172,132,156,115
합계,제천시,사고[건],701,44,31,48,54,67,65,70,65,67,84,62,44
합계,제천시,사망[명],16,0,0,0,0,3,2,2,4,3,2,0,0
합계,제천시,부상[명],"1,158",66,54,69,85,105,113,143,102,115,141,97,68
합계,보은군,사고[건],134,7,4,5,14,11,11,19,10,14,18,9,12
합계,보은군,사망[명],4,0,0,0,0,0,0,1,0,1,0,1,1
합계,보은군,부상[명],217,10,6,7,23,19,18,32,17,25,38,9,13
합계,옥천군,사고[건],120,9,10,11,11,11,9,13,9,6,12,15,4
합계,옥천군,사망[명],5,0,0,0,1,0,0,0,0,1,1,2,0
합계,옥천군,부상[명],160,14,15,12,13,16,13,18,11,10,14,20,4
합계,영동군,사고[건],133,7,6,6,15,16,11,12,11,16,12,11,10
합계,영동군,사망[명],8,0,0,0,0,1,0,2,2,3,0,0,0
합계,영동군,부상[명],187,12,11,8,25,19,20,18,14,19,15,12,14
합계,진천군,사고[건],440,37,26,36,31,42,39,36,40,36,42,37,38
합계,진천군,사망[명],7,2,1,0,0,0,1,0,0,0,3,0,0
합계,진천군,부상[명],666,66,43,45,51,61,53,59,53,56,60,53,66
합계,괴산군,사고[건],188,8,10,16,18,19,17,14,24,17,21,9,15
합계,괴산군,사망[명],9,0,0,1,0,1,2,0,1,2,0,2,0
합계,괴산군,부상[명],297,12,20,25,26,30,30,21,35,28,34,13,23
합계,음성군,사고[건],537,44,35,36,42,59,47,43,52,38,53,51,37
합계,음성군,사망[명],12,0,1,1,0,2,0,2,1,2,0,1,2
합계,음성군,부상[명],820,76,52,51,57,89,64,80,83,61,86,72,49
합계,단양군,사고[건],147,8,4,7,8,16,14,15,18,16,17,14,10
합계,단양군,사망[명],5,0,0,0,1,1,1,0,0,0,0,0,2
합계,단양군,부상[명],235,13,5,9,15,27,19,20,33,24,32,21,17
합계,증평군,사고[건],152,12,8,9,16,12,16,13,13,12,18,16,7
합계,증평군,사망[명],3,1,0,0,0,0,1,0,0,0,0,1,0
합계,증평군,부상[명],207,15,10,13,26,15,22,16,17,19,28,19,7
합계,천안시,사고[건],"2,937",217,216,204,265,278,231,261,232,269,243,281,240
합계,천안시,사망[명],47,3,3,3,3,4,1,3,4,11,5,3,4
합계,천안시,부상[명],"4,157",291,280,284,368,380,350,393,320,385,335,417,354
합계,아산시,사고[건],"1,267",102,61,90,127,116,100,112,99,109,100,124,127
합계,아산시,사망[명],21,6,1,2,0,1,0,2,0,2,0,4,3
합계,아산시,부상[명],"1,871",133,100,128,179,172,136,165,145,165,161,194,193
합계,보령시,사고[건],331,27,18,29,21,36,27,37,33,31,33,24,15
합계,보령시,사망[명],20,1,2,2,2,0,2,1,1,4,1,2,2
합계,보령시,부상[명],486,34,41,38,33,52,37,53,56,36,68,24,14
합계,공주시,사고[건],445,32,25,20,20,37,44,36,43,35,69,41,43
합계,공주시,사망[명],13,1,1,0,3,0,2,0,2,1,0,0,3
합계,공주시,부상[명],730,40,35,32,32,61,79,51,64,78,118,50,90
합계,서산시,사고[건],615,35,44,48,60,62,44,54,44,45,68,61,50
합계,서산시,사망[명],13,0,2,0,1,1,1,3,0,4,0,1,0
합계,서산시,부상[명],912,60,60,63,101,101,64,85,74,57,95,76,76
합계,금산군,사고[건],137,10,7,8,12,19,13,8,14,12,15,9,10
합계,금산군,사망[명],6,0,1,0,0,0,2,1,1,0,1,0,0
합계,금산군,부상[명],183,13,8,12,20,21,16,9,20,17,24,10,13
합계,태안군,사고[건],267,21,14,12,21,28,33,23,18,24,29,31,13
합계,태안군,사망[명],8,1,0,0,0,0,1,0,2,1,1,1,1
합계,태안군,부상[명],436,30,35,23,36,45,44,38,25,32,62,50,16
합계,논산시,사고[건],347,19,15,24,32,29,31,37,32,38,25,43,22
합계,논산시,사망[명],18,2,0,1,2,1,1,2,0,1,3,3,2
합계,논산시,부상[명],524,28,21,44,62,39,46,62,49,51,31,60,31
합계,부여군,사고[건],198,10,10,16,11,22,21,22,20,18,18,22,8
합계,부여군,사망[명],9,0,1,0,0,0,1,1,2,0,2,2,0
합계,부여군,부상[명],290,21,17,19,16,32,37,31,31,32,22,22,10
합계,서천군,사고[건],274,17,15,21,23,34,21,21,20,23,28,27,24
합계,서천군,사망[명],9,1,0,1,0,2,2,1,0,0,1,0,1
합계,서천군,부상[명],397,24,21,32,26,52,25,28,35,31,52,41,30
합계,청양군,사고[건],185,11,11,10,11,24,22,21,9,17,14,21,14
합계,청양군,사망[명],6,0,1,1,0,1,1,0,0,0,2,0,0
합계,청양군,부상[명],276,18,17,11,19,31,37,34,9,29,18,33,20
합계,홍성군,사고[건],242,14,12,19,27,26,20,20,18,26,27,17,16
합계,홍성군,사망[명],20,0,2,1,1,1,3,0,2,4,0,2,4
합계,홍성군,부상[명],318,17,28,24,32,37,24,28,21,33,39,15,20
합계,예산군,사고[건],343,16,12,25,20,44,39,31,32,43,23,36,22
합계,예산군,사망[명],18,1,0,0,0,3,3,3,2,1,0,3,2
합계,예산군,부상[명],550,27,20,39,33,73,55,40,49,62,45,45,62
합계,당진시,사고[건],529,39,39,38,57,43,50,32,44,48,44,54,41
합계,당진시,사망[명],20,1,3,4,1,2,2,0,2,2,1,2,0
합계,당진시,부상[명],762,66,48,56,77,64,68,56,75,72,65,62,53
합계,계룡시,사고[건],47,1,2,6,6,1,2,4,3,7,3,6,6
합계,계룡시,사망[명],2,0,0,0,0,0,0,0,0,0,0,1,1
합계,계룡시,부상[명],72,1,2,6,13,1,2,6,8,13,3,10,7
합계,전주시,사고[건],"1,918",147,123,138,169,181,173,179,156,158,173,173,148
합계,전주시,사망[명],26,2,0,3,1,3,2,0,2,3,5,2,3
합계,전주시,부상[명],"2,720",218,172,194,265,231,245,247,211,224,253,259,201
합계,군산시,사고[건],"1,167",105,75,75,94,107,113,98,110,103,116,100,71
합계,군산시,사망[명],25,2,1,0,2,2,5,2,3,1,3,3,1
합계,군산시,부상[명],"1,654",144,96,92,159,141,143,148,157,138,177,148,111
합계,정읍시,사고[건],409,27,23,27,43,35,35,34,31,30,50,42,32
합계,정읍시,사망[명],18,1,1,0,1,0,1,2,2,2,2,4,2
합계,정읍시,부상[명],606,41,35,39,65,47,51,44,50,48,79,65,42
합계,남원시,사고[건],278,16,9,26,26,24,31,23,16,23,32,32,20
합계,남원시,사망[명],14,1,1,0,1,0,3,3,0,0,1,4,0
합계,남원시,부상[명],386,21,17,32,43,31,46,27,20,30,47,38,34
합계,김제시,사고[건],253,13,17,9,28,27,16,22,22,28,30,25,16
합계,김제시,사망[명],8,0,1,0,1,0,0,0,1,4,1,0,0
합계,김제시,부상[명],374,18,22,16,47,37,29,26,32,51,39,35,22
합계,완주군,사고[건],218,6,8,15,15,22,30,16,19,12,24,22,29
합계,완주군,사망[명],20,0,1,0,1,2,1,1,2,0,3,2,7
합계,완주군,부상[명],311,10,11,18,17,23,37,25,31,25,39,34,41
합계,진안군,사고[건],62,2,3,5,7,1,8,6,7,7,4,9,3
합계,진안군,사망[명],7,0,0,0,0,0,3,0,0,2,0,1,1
합계,진안군,부상[명],95,3,6,7,11,1,10,11,17,6,6,14,3
합계,무주군,사고[건],92,8,9,6,10,5,5,8,8,7,9,9,8
합계,무주군,사망[명],8,0,0,2,3,0,1,1,0,0,1,0,0
합계,무주군,부상[명],143,12,17,13,15,12,4,9,10,12,10,15,14
합계,장수군,사고[건],40,2,4,2,2,1,1,7,2,3,8,4,4
합계,장수군,사망[명],4,0,0,1,1,0,0,0,1,0,0,1,0
합계,장수군,부상[명],52,2,5,1,2,2,1,14,1,4,10,4,6
합계,임실군,사고[건],79,8,8,4,4,7,7,5,7,11,9,6,3
합계,임실군,사망[명],4,0,0,1,0,0,1,0,0,0,2,0,0
합계,임실군,부상[명],116,12,14,3,5,7,9,8,8,20,8,17,5
합계,순창군,사고[건],103,8,6,11,13,10,5,8,9,9,9,7,8
합계,순창군,사망[명],12,1,1,2,0,1,0,2,1,0,1,2,1
합계,순창군,부상[명],145,7,7,18,21,10,5,8,15,17,14,8,15
합계,고창군,사고[건],96,2,9,5,9,11,8,10,13,9,6,7,7
합계,고창군,사망[명],13,0,0,0,1,2,2,0,5,0,0,3,0
합계,고창군,부상[명],114,3,10,5,9,15,8,11,12,15,8,6,12
합계,부안군,사고[건],140,13,12,10,10,9,21,10,15,10,13,11,6
합계,부안군,사망[명],10,0,0,1,1,1,2,0,1,0,2,1,1
합계,부안군,부상[명],190,20,18,13,12,14,26,12,23,14,14,11,13
합계,익산시,사고[건],826,69,54,72,71,79,68,61,73,68,83,69,59
합계,익산시,사망[명],25,0,2,1,3,1,3,2,5,1,2,2,3
합계,익산시,부상[명],"1,185",91,77,116,89,119,98,88,98,98,127,91,93
합계,목포시,사고[건],"1,373",77,113,101,126,105,110,115,130,113,136,136,111
합계,목포시,사망[명],17,1,2,3,2,1,0,2,0,2,3,0,1
합계,목포시,부상[명],"2,180",115,164,148,215,167,187,194,223,187,201,215,164
합계,여수시,사고[건],"1,384",99,102,98,133,127,122,117,115,117,115,120,119
합계,여수시,사망[명],13,1,0,0,4,1,0,2,1,1,1,1,1
합계,여수시,부상[명],"1,924",134,142,141,171,173,160,186,153,156,170,164,174
합계,순천시,사고[건],"1,154",80,74,79,110,123,80,111,87,93,103,126,88
합계,순천시,사망[명],23,3,2,4,2,2,0,0,2,3,3,1,1
합계,순천시,부상[명],"1,741",119,127,107,158,161,113,169,153,147,186,174,127
합계,나주시,사고[건],403,22,16,30,35,37,35,29,33,31,42,59,34
합계,나주시,사망[명],9,1,0,0,1,0,1,1,1,0,1,0,3
합계,나주시,부상[명],638,29,25,57,53,64,44,43,53,43,80,92,55
합계,광양시,사고[건],584,46,38,53,58,50,35,49,47,56,47,54,51
합계,광양시,사망[명],17,0,0,4,4,0,2,1,2,1,1,1,1
합계,광양시,부상[명],802,56,58,72,78,69,51,60,69,76,68,70,75
합계,담양군,사고[건],302,26,12,21,30,35,18,25,26,35,27,24,23
합계,담양군,사망[명],9,2,1,0,0,0,0,0,2,0,3,0,1
합계,담양군,부상[명],498,39,14,33,38,61,30,52,47,59,44,41,40
합계,곡성군,사고[건],102,4,9,4,8,8,14,7,12,12,9,8,7
합계,곡성군,사망[명],6,0,0,0,1,0,0,2,0,2,0,0,1
합계,곡성군,부상[명],161,7,16,8,11,13,23,8,19,19,12,13,12
합계,구례군,사고[건],113,7,5,8,20,10,11,5,11,6,14,9,7
합계,구례군,사망[명],2,0,0,0,1,0,0,0,1,0,0,0,0
합계,구례군,부상[명],168,9,7,14,40,11,15,5,22,7,20,9,9
합계,고흥군,사고[건],255,18,17,12,20,23,26,23,27,26,29,20,14
합계,고흥군,사망[명],9,1,1,1,2,0,1,0,0,1,1,0,1
합계,고흥군,부상[명],380,30,23,16,29,32,36,35,57,34,43,27,18
합계,보성군,사고[건],154,17,2,18,11,12,9,12,13,11,19,12,18
합계,보성군,사망[명],5,1,0,0,1,0,0,0,2,0,0,0,1
합계,보성군,부상[명],225,26,4,22,16,19,15,18,15,14,29,26,21
합계,화순군,사고[건],263,18,13,20,24,29,25,18,21,34,22,21,18
합계,화순군,사망[명],3,0,0,0,0,1,0,1,0,1,0,0,0
합계,화순군,부상[명],408,36,28,35,30,39,34,26,33,58,27,32,30
합계,장흥군,사고[건],241,19,9,18,22,21,21,27,16,22,22,20,24
합계,장흥군,사망[명],3,0,0,0,0,0,1,0,0,0,1,1,0
합계,장흥군,부상[명],400,36,9,29,43,54,21,46,34,27,34,32,35
합계,강진군,사고[건],244,21,18,26,17,21,17,22,26,20,19,22,15
합계,강진군,사망[명],5,0,1,1,0,0,0,1,1,0,1,0,0
합계,강진군,부상[명],401,38,30,38,25,39,27,37,37,34,31,35,30
합계,해남군,사고[건],300,12,17,17,28,23,27,32,29,25,28,27,35
합계,해남군,사망[명],12,3,0,0,0,1,1,0,0,4,0,1,2
합계,해남군,부상[명],423,14,23,25,38,38,37,43,47,28,43,34,53
합계,영암군,사고[건],391,22,19,28,39,31,23,36,34,38,43,48,30
합계,영암군,사망[명],14,0,2,1,3,1,0,0,0,3,0,3,1
합계,영암군,부상[명],668,32,23,55,74,50,50,55,53,59,86,79,52
합계,무안군,사고[건],280,29,25,27,29,19,25,30,15,14,28,19,20
합계,무안군,사망[명],11,0,0,1,1,0,3,0,1,0,3,1,1
합계,무안군,부상[명],397,40,44,41,41,26,27,48,18,32,31,24,25
합계,함평군,사고[건],152,10,4,9,5,15,11,15,14,17,24,16,12
합계,함평군,사망[명],7,1,0,0,0,1,0,0,1,2,1,1,0
합계,함평군,부상[명],244,12,6,12,11,24,16,27,22,28,43,23,20
합계,영광군,사고[건],123,10,10,6,8,9,14,10,11,10,16,13,6
합계,영광군,사망[명],6,0,0,0,0,0,1,2,1,0,0,2,0
합계,영광군,부상[명],157,12,17,11,11,10,14,9,14,13,22,15,9
합계,장성군,사고[건],192,19,15,13,15,20,16,14,19,15,19,16,11
합계,장성군,사망[명],6,1,1,0,1,0,0,0,0,0,2,1,0
합계,장성군,부상[명],312,29,20,19,21,50,19,23,27,27,29,30,18
합계,완도군,사고[건],153,15,7,12,14,16,7,14,19,17,14,10,8
합계,완도군,사망[명],9,3,0,0,0,1,0,0,1,4,0,0,0
합계,완도군,부상[명],228,24,14,16,19,20,12,26,31,15,23,17,11
합계,진도군,사고[건],75,5,3,5,8,5,4,3,11,5,7,10,9
합계,진도군,사망[명],7,0,1,0,0,2,0,1,1,0,1,0,1
합계,진도군,부상[명],85,8,3,5,10,5,4,2,13,5,10,12,8
합계,신안군,사고[건],97,7,7,3,8,10,6,12,12,10,9,5,8
합계,신안군,사망[명],8,1,0,1,2,0,0,2,2,0,0,0,0
합계,신안군,부상[명],171,9,12,4,12,12,31,18,15,26,11,11,10
합계,포항시,사고[건],"2,203",179,152,135,199,184,203,199,183,180,181,219,189
합계,포항시,사망[명],27,1,2,3,6,4,1,2,1,0,5,1,1
합계,포항시,부상[명],"3,300",267,214,190,291,282,340,273,284,274,272,300,313
합계,경주시,사고[건],"1,206",92,82,73,119,102,97,113,103,98,117,114,96
합계,경주시,사망[명],35,1,2,1,7,5,5,1,4,1,4,2,2
합계,경주시,부상[명],"1,810",134,112,107,235,154,125,151,157,153,168,171,143
합계,김천시,사고[건],428,32,30,26,34,43,35,41,41,31,48,39,28
합계,김천시,사망[명],17,0,4,0,2,3,0,3,3,1,1,0,0
합계,김천시,부상[명],603,44,40,30,63,59,53,50,58,42,63,59,42
합계,안동시,사고[건],727,58,42,35,50,61,56,60,77,83,80,64,61
합계,안동시,사망[명],26,2,2,0,1,3,2,2,4,6,1,2,1
합계,안동시,부상[명],"1,086",98,61,49,70,95,87,90,116,118,111,98,93
합계,구미시,사고[건],"1,652",143,94,122,131,164,138,143,144,151,127,158,137
합계,구미시,사망[명],29,3,2,1,3,2,3,1,2,2,4,1,5
합계,구미시,부상[명],"2,338",203,125,179,181,232,179,232,219,211,165,212,200
합계,영주시,사고[건],414,27,25,35,33,39,43,25,54,32,43,26,32
합계,영주시,사망[명],17,1,0,4,0,2,2,2,1,1,1,0,3
합계,영주시,부상[명],538,39,32,50,46,48,48,30,68,43,60,34,40
합계,영천시,사고[건],413,42,27,21,30,39,38,48,37,32,45,29,25
합계,영천시,사망[명],20,0,5,3,0,1,0,2,2,0,3,2,2
합계,영천시,부상[명],613,72,34,21,49,48,68,71,50,51,71,40,38
합계,문경시,사고[건],279,25,11,16,17,23,26,32,28,23,28,25,25
합계,문경시,사망[명],6,1,1,1,0,0,0,1,0,0,0,1,1
합계,문경시,부상[명],442,45,11,25,28,32,37,47,48,31,58,41,39
합계,상주시,사고[건],445,33,20,33,32,42,34,39,41,47,43,45,36
합계,상주시,사망[명],23,0,0,2,1,4,1,3,4,1,3,3,1
합계,상주시,부상[명],654,47,27,38,41,60,70,66,64,63,56,58,64
합계,군위군,사고[건],93,6,1,11,7,5,11,9,6,10,6,11,10
합계,군위군,사망[명],4,0,0,0,2,0,1,0,0,0,0,0,1
합계,군위군,부상[명],165,10,1,18,6,9,13,15,10,18,17,20,28
합계,의성군,사고[건],223,14,11,17,20,22,18,18,28,16,24,20,15
합계,의성군,사망[명],9,1,0,1,0,1,0,0,1,3,1,1,0
합계,의성군,부상[명],305,20,14,31,25,24,23,26,42,22,36,25,17
합계,청송군,사고[건],93,3,1,1,9,12,6,8,12,12,16,8,5
합계,청송군,사망[명],2,0,0,0,0,0,0,0,2,0,0,0,0
합계,청송군,부상[명],132,3,4,2,19,20,8,11,12,17,22,9,5
합계,영양군,사고[건],47,3,2,3,5,3,6,2,7,4,5,4,3
합계,영양군,사망[명],3,1,0,0,0,0,0,0,1,0,1,0,0
합계,영양군,부상[명],66,2,3,3,9,5,9,2,9,6,8,5,5
합계,영덕군,사고[건],220,17,12,9,14,29,20,18,25,23,23,19,11
합계,영덕군,사망[명],10,1,0,1,1,2,0,2,0,1,2,0,0
합계,영덕군,부상[명],350,28,17,13,22,48,41,24,40,36,33,25,23
합계,청도군,사고[건],199,15,12,8,20,21,19,17,22,19,22,20,4
합계,청도군,사망[명],6,0,0,0,0,1,0,0,1,1,2,0,1
합계,청도군,부상[명],282,23,18,8,26,32,25,20,40,26,29,32,3
합계,고령군,사고[건],154,7,8,15,9,16,14,12,9,15,21,15,13
합계,고령군,사망[명],11,1,2,1,1,2,1,1,0,1,0,0,1
합계,고령군,부상[명],222,9,14,16,14,30,19,14,16,18,27,19,26
합계,성주군,사고[건],278,19,19,14,24,32,21,32,29,21,28,20,19
합계,성주군,사망[명],13,0,1,1,0,2,1,1,1,2,2,1,1
합계,성주군,부상[명],410,31,22,16,36,47,29,59,43,30,38,34,25
합계,칠곡군,사고[건],676,45,42,48,73,75,52,64,55,56,67,54,45
합계,칠곡군,사망[명],7,0,1,0,0,0,2,2,1,0,1,0,0
합계,칠곡군,부상[명],"1,073",84,66,76,113,113,73,98,89,105,104,77,75
합계,예천군,사고[건],155,15,11,6,15,9,17,8,18,12,12,19,13
합계,예천군,사망[명],8,0,0,0,1,1,2,0,1,0,1,1,1
합계,예천군,부상[명],197,18,15,11,19,8,21,10,27,15,14,23,16
합계,봉화군,사고[건],99,4,5,3,5,11,9,7,10,9,14,10,12
합계,봉화군,사망[명],6,0,0,0,0,0,1,0,3,0,1,0,1
합계,봉화군,부상[명],134,8,7,6,9,15,11,10,12,11,18,11,16
합계,울진군,사고[건],144,8,4,8,16,19,14,9,17,18,10,7,14
합계,울진군,사망[명],10,2,1,1,0,1,2,0,1,0,1,0,1
합계,울진군,부상[명],244,16,15,12,25,20,22,16,36,26,22,8,26
합계,울릉군,사고[건],15,-,-,-,1,2,1,6,1,-,4,-,-
합계,울릉군,사망[명],0,-,-,-,0,0,0,0,0,-,0,-,-
합계,울릉군,부상[명],23,-,-,-,1,6,1,9,1,-,5,-,-
합계,경산시,사고[건],874,64,58,83,78,89,79,81,63,68,87,65,59
합계,경산시,사망[명],20,3,2,0,0,1,1,0,2,2,4,2,3
합계,경산시,부상[명],"1,202",98,79,100,109,118,105,116,82,85,128,95,87
합계,진주시,사고[건],568,46,35,40,37,59,53,57,48,48,55,51,39
합계,진주시,사망[명],25,0,0,4,0,2,1,6,2,3,3,4,0
합계,진주시,부상[명],684,59,49,49,41,72,61,59,53,59,73,66,43
합계,통영시,사고[건],630,41,41,43,31,47,52,50,67,52,71,75,60
합계,통영시,사망[명],7,0,0,1,0,0,0,2,0,0,2,2,0
합계,통영시,부상[명],915,57,55,61,47,74,70,73,97,81,110,104,86
합계,김해시,사고[건],"1,924",146,132,162,170,175,152,141,161,158,170,185,172
합계,김해시,사망[명],23,1,1,2,2,3,0,0,4,2,6,2,0
합계,김해시,부상[명],"2,660",197,186,219,234,258,205,187,211,223,230,274,236
합계,밀양시,사고[건],485,34,24,25,38,46,51,45,48,36,56,42,40
합계,밀양시,사망[명],9,0,1,1,0,1,0,1,1,2,0,0,2
합계,밀양시,부상[명],698,42,25,35,55,63,66,72,83,48,93,59,57
합계,거제시,사고[건],698,54,43,65,84,57,60,56,60,60,62,54,43
합계,거제시,사망[명],14,2,1,3,0,0,1,2,0,1,1,1,2
합계,거제시,부상[명],933,66,52,78,114,83,85,71,87,80,88,73,56
합계,의령군,사고[건],112,6,11,13,12,13,9,7,8,9,10,11,3
합계,의령군,사망[명],6,0,2,0,1,1,1,1,0,0,0,0,0
합계,의령군,부상[명],130,6,11,15,12,17,11,7,10,10,14,11,6
합계,함안군,사고[건],266,24,12,18,29,23,21,25,19,21,19,26,29
합계,함안군,사망[명],9,0,0,2,1,0,0,1,1,2,1,1,0
합계,함안군,부상[명],378,34,15,20,33,32,36,33,29,33,29,46,38
합계,창녕군,사고[건],227,19,13,26,25,14,22,21,14,28,16,16,13
합계,창녕군,사망[명],9,2,0,0,0,1,1,0,0,1,3,0,1
합계,창녕군,부상[명],328,21,19,34,33,18,38,29,19,42,34,27,14
합계,양산시,사고[건],"1,232",82,92,81,146,104,95,101,85,93,125,119,109
합계,양산시,사망[명],18,0,2,0,1,1,2,4,1,3,2,1,1
합계,양산시,부상[명],"1,608",118,104,112,209,131,127,127,123,110,151,154,142
합계,고성군,사고[건],208,16,14,11,15,26,16,11,15,22,22,23,17
합계,고성군,사망[명],13,3,1,0,0,0,2,1,1,1,1,3,0
합계,고성군,부상[명],265,17,23,12,26,40,18,13,15,28,27,25,21
합계,사천시,사고[건],592,51,29,46,54,57,45,52,61,56,51,51,39
합계,사천시,사망[명],8,1,1,1,0,1,0,0,1,0,2,1,0
합계,사천시,부상[명],921,92,47,75,71,90,63,92,101,83,75,76,56
합계,남해군,사고[건],167,14,11,14,8,19,15,12,19,9,20,14,12
합계,남해군,사망[명],10,0,0,1,0,1,0,0,0,1,2,1,4
합계,남해군,부상[명],276,24,16,18,21,30,19,19,41,13,33,28,14
합계,하동군,사고[건],127,10,6,11,8,15,9,9,13,9,12,20,5
합계,하동군,사망[명],9,0,2,1,0,3,0,0,1,1,0,1,0
합계,하동군,부상[명],188,12,5,18,18,17,17,11,21,13,24,24,8
합계,산청군,사고[건],151,11,4,9,16,9,16,10,16,17,21,16,6
합계,산청군,사망[명],8,0,1,1,1,0,1,0,0,1,1,1,1
합계,산청군,부상[명],237,14,6,12,22,12,27,22,29,26,38,20,9
합계,함양군,사고[건],196,12,10,7,26,19,13,12,16,24,25,21,11
합계,함양군,사망[명],11,0,0,2,2,0,0,4,2,0,1,0,0
합계,함양군,부상[명],280,18,16,7,37,30,18,22,23,32,33,27,17
합계,거창군,사고[건],228,15,17,13,16,21,27,29,25,19,19,17,10
합계,거창군,사망[명],10,1,0,1,0,0,4,1,0,1,1,1,0
합계,거창군,부상[명],305,21,28,16,30,22,30,41,34,23,27,19,14
합계,합천군,사고[건],151,10,9,11,13,15,13,18,13,12,15,11,11
합계,합천군,사망[명],8,1,0,0,1,1,0,0,1,0,1,1,2
합계,합천군,부상[명],229,16,14,18,17,19,22,40,19,16,17,12,19
합계,창원시(통합),사고[건],"2,649",201,188,191,243,244,222,196,190,231,272,234,237
합계,창원시(통합),사망[명],61,6,8,4,8,4,3,5,3,9,4,2,5
합계,창원시(통합),부상[명],"3,510",274,245,248,311,322,287,256,285,295,388,299,300
합계,제주시,사고[건],"2,790",228,190,230,221,264,264,247,264,206,251,218,207
합계,제주시,사망[명],39,3,1,3,3,5,2,8,2,5,2,3,2
합계,제주시,부상[명],"4,122",329,272,333,323,408,404,400,398,289,378,286,302
합계,서귀포시,사고[건],"1,249",104,111,93,117,92,87,105,109,120,115,107,89
합계,서귀포시,사망[명],14,0,1,0,0,3,2,0,2,2,2,1,1
합계,서귀포시,부상[명],"1,899",182,149,133,192,136,138,169,172,176,176,150,126
서울,합계,사고[건],"33,698","2,874","2,176","2,187","2,847","3,030","2,748","3,021","2,734","2,965","3,137","2,906","3,073"
서울,합계,사망[명],221,18,16,12,23,19,16,23,19,21,15,14,25
서울,합계,부상[명],"45,329","3,868","2,919","2,852","3,905","4,065","3,697","4,026","3,705","3,940","4,256","3,900","4,196"
서울,종로구,사고[건],974,65,59,70,90,88,78,109,77,99,81,77,81
서울,종로구,사망[명],3,0,0,0,0,1,1,0,1,0,0,0,0
서울,종로구,부상[명],"1,351",89,87,88,133,130,99,146,105,138,118,108,110
서울,중구,사고[건],943,77,59,54,81,72,73,87,66,88,81,92,113
서울,중구,사망[명],2,0,1,0,0,0,0,0,0,1,0,0,0
서울,중구,부상[명],"1,212",88,83,76,109,93,89,107,91,114,96,121,145
서울,용산구,사고[건],"1,014",87,70,59,67,87,82,96,91,80,116,84,95
서울,용산구,사망[명],11,0,1,0,1,0,2,0,2,3,1,0,1
서울,용산구,부상[명],"1,330",113,92,78,76,117,118,128,121,112,144,103,128
서울,성동구,사고[건],948,96,71,57,89,96,54,90,78,73,84,75,85
서울,성동구,사망[명],8,1,0,0,3,0,0,2,0,0,0,1,1
서울,성동구,부상[명],"1,222",128,89,81,111,119,71,116,99,96,108,93,111
서울,동대문구,사고[건],"1,534",154,85,94,116,151,110,139,112,128,147,127,171
서울,동대문구,사망[명],12,1,0,0,1,0,0,3,2,1,1,0,3
서울,동대문구,부상[명],"1,843",178,97,109,131,193,141,162,134,169,182,145,202
서울,성북구,사고[건],"1,288",98,76,84,99,109,109,122,116,107,123,115,130
서울,성북구,사망[명],8,0,0,1,1,0,1,1,1,1,1,0,1
서울,성북구,부상[명],"1,626",124,98,107,128,139,133,155,141,134,156,140,171
서울,도봉구,사고[건],522,54,41,39,44,52,41,41,45,44,37,43,41
서울,도봉구,사망[명],2,0,0,1,0,0,1,0,0,0,0,0,0
서울,도봉구,부상[명],705,76,54,50,69,60,49,55,72,58,44,57,61
서울,은평구,사고[건],918,77,54,62,75,88,87,76,64,97,92,77,69
서울,은평구,사망[명],9,1,0,2,1,0,2,1,0,1,0,0,1
서울,은평구,부상[명],"1,256",97,86,79,97,116,108,98,88,126,127,112,122
서울,서대문구,사고[건],974,79,64,62,98,88,86,85,83,91,85,79,74
서울,서대문구,사망[명],5,2,0,0,0,0,0,1,0,1,1,0,0
서울,서대문구,부상[명],"1,303",108,72,78,137,127,110,113,120,116,118,109,95
서울,마포구,사고[건],"1,065",85,74,54,99,95,77,87,97,111,101,93,92
서울,마포구,사망[명],10,0,1,0,1,2,1,1,1,2,1,0,0
서울,마포구,부상[명],"1,483",124,102,67,151,122,120,130,134,145,150,132,106
서울,강서구,사고[건],"1,606",140,116,112,135,154,155,143,126,131,133,125,136
서울,강서구,사망[명],15,2,1,0,3,3,1,3,1,1,0,0,0
서울,강서구,부상[명],"2,108",183,139,147,169,209,204,176,168,175,172,171,195
서울,구로구,사고[건],"1,274",101,85,74,92,130,94,109,108,106,133,113,129
서울,구로구,사망[명],12,2,1,0,1,2,0,0,1,1,1,1,2
서울,구로구,부상[명],"1,691",121,114,91,128,173,134,151,161,140,174,137,167
서울,영등포구,사고[건],"1,998",183,117,126,164,183,180,172,142,190,195,178,168
서울,영등포구,사망[명],20,4,0,2,1,1,1,4,3,0,1,0,3
서울,영등포구,부상[명],"2,707",244,162,151,228,252,247,237,182,262,258,251,233
서울,동작구,사고[건],"1,217",107,78,67,93,96,96,104,95,106,114,117,144
서울,동작구,사망[명],7,2,2,0,0,0,0,0,1,0,1,0,1
서울,동작구,부상[명],"1,651",153,112,93,122,132,118,148,121,138,163,171,180
서울,관악구,사고[건],"1,172",104,89,79,109,122,91,107,71,99,93,104,104
서울,관악구,사망[명],9,0,1,0,0,1,1,1,1,1,0,1,2
서울,관악구,부상[명],"1,535",143,110,97,153,151,114,146,81,124,129,141,146
서울,강남구,사고[건],"3,709",339,221,244,327,319,322,360,307,304,343,331,292
서울,강남구,사망[명],16,0,1,3,1,3,1,1,1,1,0,2,2
서울,강남구,부상[명],"5,052",448,322,326,455,457,428,476,431,421,452,439,397
서울,강동구,사고[건],"1,151",109,73,90,93,87,90,101,103,94,112,96,103
서울,강동구,사망[명],7,1,2,1,0,0,0,0,1,0,1,1,0
서울,강동구,부상[명],"1,553",166,83,117,136,116,132,130,129,125,142,123,154
서울,송파구,사고[건],"2,581",221,159,164,220,209,226,224,198,242,244,224,250
서울,송파구,사망[명],9,0,2,0,1,2,1,0,1,0,2,0,0
서울,송파구,부상[명],"3,594",321,220,230,301,285,310,323,276,322,352,315,339
서울,서초구,사고[건],"2,264",163,134,155,214,222,169,185,193,193,219,187,230
서울,서초구,사망[명],8,1,0,1,2,0,0,2,0,0,1,0,1
서울,서초구,부상[명],"3,391",250,187,198,322,325,286,247,311,278,358,278,351
서울,양천구,사고[건],"1,165",94,88,81,86,82,84,103,97,119,120,109,102
서울,양천구,사망[명],8,1,1,0,0,1,1,1,0,1,1,0,1
서울,양천구,부상[명],"1,529",128,114,114,112,110,110,142,127,144,153,139,136
서울,중랑구,사고[건],"1,401",114,89,95,133,135,119,128,121,123,108,121,115
서울,중랑구,사망[명],10,0,1,1,0,1,1,0,0,1,0,4,1
서울,중랑구,부상[명],"1,890",153,121,120,186,163,148,179,164,170,150,177,159
서울,노원구,사고[건],"1,384",115,71,96,134,121,129,110,127,119,139,108,115
서울,노원구,사망[명],6,0,0,0,2,0,1,0,1,1,0,1,0
서울,노원구,부상[명],"1,913",154,101,136,175,168,172,162,179,153,191,146,176
서울,광진구,사고[건],708,61,58,59,56,69,46,59,46,59,79,51,65
서울,광진구,사망[명],9,0,0,0,1,0,0,1,1,3,0,2,1
서울,광진구,부상[명],966,77,81,80,99,83,65,73,54,77,120,61,96
서울,강북구,사고[건],"1,044",78,82,57,73,97,83,102,94,90,103,97,88
서울,강북구,사망[명],6,0,0,0,1,0,0,0,0,1,2,1,1
서울,강북구,부상[명],"1,266",97,107,72,85,119,100,125,112,104,122,115,108
서울,금천구,사고[건],844,73,63,53,60,78,67,82,77,72,55,83,81
서울,금천구,사망[명],9,0,1,0,2,2,0,1,0,0,0,0,3
서울,금천구,부상[명],"1,152",105,86,67,92,106,91,101,104,99,77,116,108
부산,합계,사고[건],"10,882",886,746,774,955,"1,056",921,897,872,918,"1,006",915,936
부산,합계,사망[명],113,12,7,3,9,4,15,13,10,11,8,16,5
부산,합계,부상[명],"14,829","1,188","1,000","1,002","1,336","1,422","1,253","1,252","1,216","1,222","1,379","1,274","1,285"
부산,중구,사고[건],357,26,20,18,33,43,26,29,32,30,28,32,40
부산,중구,사망[명],3,0,0,0,1,0,0,0,0,0,0,1,1
부산,중구,부상[명],479,35,27,24,37,57,38,49,41,37,42,38,54
부산,서구,사고[건],445,33,33,30,36,44,47,33,34,34,41,40,40
부산,서구,사망[명],4,1,0,1,0,0,0,0,0,0,0,1,1
부산,서구,부상[명],642,41,57,38,48,60,66,46,56,46,57,69,58
부산,동구,사고[건],539,46,39,36,42,62,38,48,41,39,54,51,43
부산,동구,사망[명],4,1,0,0,0,0,1,0,0,0,0,2,0
부산,동구,부상[명],802,64,57,49,68,81,73,74,54,55,89,70,68
부산,영도구,사고[건],298,18,23,21,28,35,31,27,26,24,23,21,21
부산,영도구,사망[명],2,0,0,0,0,0,0,1,1,0,0,0,0
부산,영도구,부상[명],412,25,33,28,40,45,43,42,37,29,32,31,27
부산,진구,사고[건],"1,535",139,116,114,141,140,118,130,118,121,154,115,129
부산,진구,사망[명],10,1,2,0,0,1,1,2,0,1,0,2,0
부산,진구,부상[명],"2,116",191,141,144,205,213,169,184,163,157,215,155,179
부산,동래구,사고[건],819,58,47,63,71,78,77,55,70,77,74,81,68
부산,동래구,사망[명],7,0,0,0,0,0,1,0,1,2,1,1,1
부산,동래구,부상[명],"1,053",71,57,77,85,99,94,73,100,110,87,109,91
부산,남구,사고[건],711,59,48,69,59,62,43,67,56,55,62,67,64
부산,남구,사망[명],10,3,2,0,1,0,1,1,1,0,0,0,1
부산,남구,부상[명],896,70,56,87,74,74,59,88,66,77,79,88,78
부산,북구,사고[건],447,42,32,29,42,51,33,44,40,32,34,35,33
부산,북구,사망[명],4,0,0,0,1,0,1,1,0,0,0,1,0
부산,북구,부상[명],605,60,40,36,57,68,42,66,58,40,44,47,47
부산,해운대구,사고[건],817,74,53,49,72,83,74,55,54,88,92,53,70
부산,해운대구,사망[명],6,0,0,0,1,0,0,2,0,3,0,0,0
부산,해운대구,부상[명],"1,148",95,69,64,102,124,106,69,80,116,133,84,106
부산,사하구,사고[건],916,65,66,70,98,84,85,62,69,70,96,71,80
부산,사하구,사망[명],7,0,0,0,0,2,2,1,0,0,2,0,0
부산,사하구,부상[명],"1,213",86,84,86,146,103,100,87,102,98,127,94,100
부산,금정구,사고[건],816,76,55,45,76,57,62,70,74,79,69,76,77
부산,금정구,사망[명],11,0,0,0,2,0,1,0,2,1,2,3,0
부산,금정구,부상[명],"1,105",116,79,53,98,80,79,101,103,95,80,108,113
부산,강서구,사고[건],765,61,57,51,50,66,74,67,66,69,70,63,71
부산,강서구,사망[명],18,1,1,2,3,0,5,1,2,0,1,2,0
부산,강서구,부상[명],"1,100",91,92,77,80,99,92,96,100,92,104,87,90
부산,연제구,사고[건],646,42,44,57,52,63,59,52,52,53,54,58,60
부산,연제구,사망[명],4,1,0,0,0,0,1,0,1,0,0,1,0
부산,연제구,부상[명],850,56,52,73,87,77,84,61,65,71,65,79,80
부산,수영구,사고[건],717,57,41,41,59,80,78,66,59,56,67,56,57
부산,수영구,사망[명],3,0,0,0,0,0,0,1,1,0,1,0,0
부산,수영구,부상[명],953,68,47,49,78,104,94,94,89,74,97,77,82
부산,사상구,사고[건],579,52,38,42,57,58,42,56,42,45,48,52,47
부산,사상구,사망[명],10,1,1,0,0,1,1,2,0,3,0,1,0
부산,사상구,부상[명],727,63,53,49,80,70,54,67,51,59,62,59,60
부산,기장군,사고[건],475,38,34,39,39,50,34,36,39,46,40,44,36
부산,기장군,사망[명],10,3,1,0,0,0,0,1,1,1,1,1,1
부산,기장군,부상[명],728,56,56,68,51,68,60,55,51,66,66,79,52
대구,합계,사고[건],"11,102",881,714,803,946,"1,050",943,997,881,964,989,"1,040",894
대구,합계,사망[명],68,3,2,5,7,9,4,9,5,2,11,9,2
대구,합계,부상[명],"15,721","1,272","1,010","1,093","1,359","1,531","1,353","1,399","1,330","1,362","1,358","1,411","1,243"
대구,중구,사고[건],720,57,40,43,75,68,63,67,67,61,53,63,63
대구,중구,사망[명],3,0,0,0,0,1,0,1,0,0,0,1,0
대구,중구,부상[명],"1,025",82,53,60,101,91,96,88,99,95,68,86,106
대구,동구,사고[건],"1,522",125,105,100,131,123,126,140,130,133,137,153,119
대구,동구,사망[명],8,0,2,0,0,1,0,1,1,0,1,2,0
대구,동구,부상[명],"2,196",185,147,138,188,210,178,198,187,192,215,206,152
대구,서구,사고[건],942,67,69,77,76,100,62,83,64,92,76,97,79
대구,서구,사망[명],6,0,0,2,1,2,0,0,0,0,1,0,0
대구,서구,부상[명],"1,313",92,99,106,100,138,83,111,89,139,105,144,107
대구,남구,사고[건],643,48,44,54,47,62,70,58,43,52,62,47,56
대구,남구,사망[명],3,0,0,1,0,1,0,0,0,0,1,0,0
대구,남구,부상[명],898,73,61,68,65,97,95,79,57,74,87,61,81
대구,북구,사고[건],"1,875",142,128,127,166,176,172,159,151,153,182,182,137
대구,북구,사망[명],15,0,0,0,4,0,1,2,1,1,3,2,1
대구,북구,부상[명],"2,661",213,180,175,232,248,237,231,253,199,241,259,193
대구,수성구,사고[건],"2,005",167,121,148,157,183,155,185,151,208,168,198,164
대구,수성구,사망[명],8,0,0,0,0,0,0,2,2,0,3,1,0
대구,수성구,부상[명],"2,891",236,173,194,257,282,249,270,238,291,231,246,224
대구,달서구,사고[건],"2,558",221,161,185,232,254,222,226,198,197,229,217,216
대구,달서구,사망[명],15,3,0,1,1,2,2,1,1,0,1,2,1
대구,달서구,부상[명],"3,535",312,225,246,329,353,312,305,291,270,297,298,297
대구,달성군,사고[건],837,54,46,69,62,84,73,79,77,68,82,83,60
대구,달성군,사망[명],10,0,0,1,1,2,1,2,0,1,1,1,0
대구,달성군,부상[명],"1,202",79,72,106,87,112,103,117,116,102,114,111,83
인천,합계,사고[건],"7,695",710,451,523,604,681,635,681,636,698,712,648,716
인천,합계,사망[명],95,11,6,7,7,7,7,6,10,12,9,6,7
인천,합계,부상[명],"10,533",988,637,683,821,902,855,920,896,980,974,893,984
인천,중구,사고[건],462,36,19,28,25,38,47,40,42,54,50,46,37
인천,중구,사망[명],11,2,0,1,0,1,0,0,2,1,1,2,1
인천,중구,부상[명],667,55,27,34,35,54,63,50,58,97,75,64,55
인천,동구,사고[건],113,12,2,5,10,15,5,10,11,14,8,10,11
인천,동구,사망[명],0,0,0,0,0,0,0,0,0,0,0,0,0
인천,동구,부상[명],158,18,8,7,11,18,6,13,19,15,8,20,15
인천,미추홀구,사고[건],"1,250",103,75,76,88,112,118,108,98,125,116,104,127
인천,미추홀구,사망[명],15,1,0,0,3,1,2,0,2,1,3,0,2
인천,미추홀구,부상[명],"1,670",135,102,105,113,154,155,152,136,169,142,129,178
인천,부평구,사고[건],"1,239",123,75,79,92,118,107,129,98,102,101,107,108
인천,부평구,사망[명],13,3,0,2,3,0,0,0,0,4,0,1,0
인천,부평구,부상[명],"1,561",155,96,97,109,149,133,164,132,128,117,140,141
인천,남동구,사고[건],"1,563",151,111,111,134,142,121,127,116,132,147,130,141
인천,남동구,사망[명],15,1,1,1,0,0,0,5,2,1,1,1,2
인천,남동구,부상[명],"2,231",221,162,147,192,188,171,172,168,191,227,195,197
인천,서구,사고[건],"1,587",144,74,122,134,133,123,145,139,152,146,116,159
인천,서구,사망[명],16,1,1,0,1,1,3,1,1,2,3,1,1
인천,서구,부상[명],"2,206",215,99,156,194,177,180,186,195,218,198,163,225
인천,연수구,사고[건],644,42,41,51,50,50,53,54,53,51,68,63,68
인천,연수구,사망[명],5,1,0,1,0,1,0,0,0,1,0,0,1
인천,연수구,부상[명],870,59,68,68,67,66,64,80,75,68,90,85,80
인천,계양구,사고[건],613,78,42,40,50,50,47,50,58,44,50,51,53
인천,계양구,사망[명],7,0,2,1,0,1,2,0,0,0,0,1,0
인천,계양구,부상[명],856,104,60,52,69,64,67,70,90,64,73,69,74
인천,강화군,사고[건],198,19,10,11,18,19,11,16,17,23,23,20,11
인천,강화군,사망[명],10,2,1,1,0,0,0,0,3,2,1,0,0
인천,강화군,부상[명],273,22,14,17,22,27,13,29,17,28,40,27,17
인천,옹진군,사고[건],26,2,2,-,3,4,3,2,4,1,3,1,1
인천,옹진군,사망[명],3,0,1,-,0,2,0,0,0,0,0,0,0
인천,옹진군,부상[명],41,4,1,-,9,5,3,4,6,2,4,1,2
광주,합계,사고[건],"7,122",577,426,515,579,685,633,626,581,653,654,611,582
광주,합계,사망[명],58,4,2,6,1,8,3,11,2,5,9,4,3
광주,합계,부상[명],"10,722",882,656,740,893,"1,065",928,959,867,970,"1,016",878,868
광주,동구,사고[건],571,47,32,44,41,49,54,55,59,64,37,47,42
광주,동구,사망[명],6,0,0,2,0,2,0,2,0,0,0,0,0
광주,동구,부상[명],831,77,45,55,68,65,79,77,87,86,59,66,67
광주,서구,사고[건],"1,700",140,109,123,125,152,140,139,143,165,174,151,139
광주,서구,사망[명],11,2,2,0,0,0,0,0,0,3,4,0,0
광주,서구,부상[명],"2,614",211,176,174,202,243,204,233,217,251,278,232,193
광주,북구,사고[건],"2,113",168,130,149,173,210,186,183,161,205,180,193,175
광주,북구,사망[명],18,2,0,2,0,3,3,3,0,1,3,0,1
광주,북구,부상[명],"3,201",274,195,216,243,327,286,297,233,299,289,279,263
광주,광산구,사고[건],"2,077",160,121,161,181,209,186,174,172,172,203,160,178
광주,광산구,사망[명],20,0,0,0,1,3,0,6,2,1,2,4,1
광주,광산구,부상[명],"3,164",233,195,252,299,331,265,253,255,271,311,223,276
광주,남구,사고[건],661,62,34,38,59,65,67,75,46,47,60,60,48
광주,남구,사망[명],3,0,0,2,0,0,0,0,0,0,0,0,1
광주,남구,부상[명],912,87,45,43,81,99,94,99,75,63,79,78,69
대전,합계,사고[건],"6,841",539,403,540,570,621,564,589,512,618,654,652,579
대전,합계,사망[명],51,3,2,7,5,4,3,0,3,4,6,5,9
대전,합계,부상[명],"9,850",777,572,779,806,899,813,856,712,924,955,910,847
대전,동구,사고[건],947,79,65,94,77,87,77,91,67,67,84,90,69
대전,동구,사망[명],14,0,0,1,0,3,0,0,0,2,2,4,2
대전,동구,부상[명],"1,369",122,103,122,108,122,112,130,96,89,119,127,119
대전,중구,사고[건],"1,024",85,56,66,88,92,95,84,77,102,79,88,112
대전,중구,사망[명],5,1,0,1,2,0,0,0,0,0,0,0,1
대전,중구,부상[명],"1,469",125,79,91,124,132,149,112,113,132,123,136,153
대전,서구,사고[건],"2,302",169,148,184,179,212,181,193,190,196,234,209,207
대전,서구,사망[명],9,0,0,2,2,0,0,0,0,1,0,1,3
대전,서구,부상[명],"3,239",240,202,260,251,294,247,278,267,296,336,290,278
대전,유성구,사고[건],"1,645",137,93,137,153,149,138,136,115,145,166,162,114
대전,유성구,사망[명],13,1,1,2,0,0,3,0,2,1,1,0,2
대전,유성구,부상[명],"2,472",200,137,221,224,238,195,215,156,235,246,220,185
대전,대덕구,사고[건],923,69,41,59,73,81,73,85,63,108,91,103,77
대전,대덕구,사망[명],10,1,1,1,1,1,0,0,1,0,3,0,1
대전,대덕구,부상[명],"1,301",90,51,85,99,113,110,121,80,172,131,137,112
울산,합계,사고[건],"3,660",287,221,235,278,368,341,303,309,305,345,341,327
울산,합계,사망[명],32,0,2,4,5,2,1,2,4,2,3,4,3
울산,합계,부상[명],"5,177",413,319,348,377,504,468,437,422,431,472,507,479
울산,중구,사고[건],603,48,43,48,47,50,51,37,51,48,65,50,65
울산,중구,사망[명],4,0,0,1,1,0,1,0,0,0,1,0,0
울산,중구,부상[명],880,67,59,70,58,77,76,46,78,66,88,88,107
울산,남구,사고[건],"1,094",82,65,71,80,115,117,95,72,96,107,104,90
울산,남구,사망[명],5,0,1,0,0,0,0,1,0,1,1,1,0
울산,남구,부상[명],"1,423",116,91,92,105,148,145,132,85,122,136,144,107
울산,동구,사고[건],501,53,24,30,46,56,55,49,50,34,34,40,30
울산,동구,사망[명],2,0,0,0,0,0,0,0,0,0,0,2,0
울산,동구,부상[명],622,71,32,43,61,65,71,58,61,39,40,45,36
울산,북구,사고[건],802,64,55,57,57,80,71,64,69,59,73,77,76
울산,북구,사망[명],10,0,1,1,2,1,0,0,3,1,1,0,0
울산,북구,부상[명],"1,247",101,84,93,81,118,106,114,93,98,111,130,118
울산,울주군,사고[건],660,40,34,29,48,67,47,58,67,68,66,70,66
울산,울주군,사망[명],11,0,0,2,2,1,0,1,1,0,0,1,3
울산,울주군,부상[명],"1,005",58,53,50,72,96,70,87,105,106,97,100,111
세종,합계,사고[건],932,46,44,63,78,85,103,78,77,87,105,88,78
세종,합계,사망[명],17,0,1,0,4,1,3,1,3,1,2,0,1
세종,합계,부상[명],"1,330",56,62,88,123,113,146,108,102,126,160,134,112
세종,세종시,사고[건],932,46,44,63,78,85,103,78,77,87,105,88,78
세종,세종시,사망[명],17,0,1,0,4,1,3,1,3,1,2,0,1
세종,세종시,부상[명],"1,330",56,62,88,123,113,146,108,102,126,160,134,112
경기,합계,사고[건],"52,968","4,539","3,333","3,615","4,221","4,773","4,314","4,568","4,433","4,581","4,926","4,683","4,982"
경기,합계,사망[명],547,38,31,36,40,56,40,54,44,40,54,60,54
경기,합계,부상[명],"77,377","6,641","4,886","5,084","6,152","6,981","6,276","6,755","6,434","6,754","7,267","6,737","7,410"
경기,수원시,사고[건],"4,705",471,318,325,359,416,370,368,384,393,430,387,484
경기,수원시,사망[명],25,1,2,1,2,2,3,3,2,5,2,1,1
경기,수원시,부상[명],"6,569",683,442,461,484,558,504,538,513,524,590,548,724
경기,성남시,사고[건],"3,599",331,212,227,291,323,270,287,285,318,336,307,412
경기,성남시,사망[명],27,5,1,1,0,3,4,2,3,1,3,1,3
경기,성남시,부상[명],"5,063",434,292,294,412,442,387,436,445,434,479,415,593
경기,의정부시,사고[건],"1,683",135,121,138,117,132,137,134,139,148,165,153,164
경기,의정부시,사망[명],13,2,2,0,2,0,2,0,0,1,0,2,2
경기,의정부시,부상[명],"2,304",183,170,201,153,181,195,196,184,191,224,204,222
경기,안양시,사고[건],"1,134",84,65,75,103,94,99,119,74,95,114,100,112
경기,안양시,사망[명],15,1,0,1,1,2,1,0,1,2,1,4,1
경기,안양시,부상[명],"1,616",108,104,104,142,146,148,172,90,110,191,142,159
경기,부천시,사고[건],"3,457",319,232,239,253,309,281,307,294,306,310,299,308
경기,부천시,사망[명],18,2,3,1,2,0,0,3,2,1,1,2,1
경기,부천시,부상[명],"4,695",420,307,325,338,405,386,403,427,417,415,427,425
경기,안산시,사고[건],"3,685",295,251,274,305,354,308,304,307,314,320,332,321
경기,안산시,사망[명],22,0,0,2,3,5,1,0,0,1,6,0,4
경기,안산시,부상[명],"5,388",446,374,378,458,488,478,449,435,474,476,474,458
경기,평택시,사고[건],"3,508",279,227,240,296,314,303,301,299,311,317,328,293
경기,평택시,사망[명],56,2,5,6,3,5,1,12,6,3,4,5,4
경기,평택시,부상[명],"5,246",391,350,337,491,487,461,432,423,472,453,511,438
경기,광명시,사고[건],950,66,77,83,80,88,77,75,69,74,87,80,94
경기,광명시,사망[명],10,2,1,0,0,1,0,2,1,0,1,1,1
경기,광명시,부상[명],"1,300",87,119,124,111,116,94,100,90,118,108,104,129
경기,구리시,사고[건],716,79,51,43,59,60,42,71,70,61,64,47,69
경기,구리시,사망[명],2,0,0,0,0,2,0,0,0,0,0,0,0
경기,구리시,부상[명],"1,102",117,68,65,75,116,51,103,118,110,105,76,98
경기,양주시,사고[건],"1,123",82,66,82,81,105,83,101,96,97,112,122,96
경기,양주시,사망[명],14,2,2,0,0,2,1,1,2,1,1,2,0
경기,양주시,부상[명],"1,595",122,96,110,120,159,113,146,129,135,152,174,139
경기,여주시,사고[건],558,46,33,45,41,62,47,53,48,45,52,38,48
경기,여주시,사망[명],15,0,2,1,0,3,3,1,1,1,1,0,2
경기,여주시,부상[명],940,79,46,66,58,95,95,99,81,95,94,61,71
경기,화성시,사고[건],"3,230",286,186,224,266,278,248,279,257,271,301,303,331
경기,화성시,사망[명],43,2,1,4,2,6,2,6,3,2,6,6,3
경기,화성시,부상[명],"4,768",397,270,326,386,420,360,385,380,433,478,435,498
경기,시흥시,사고[건],"2,372",181,129,166,202,232,190,202,201,229,206,234,200
경기,시흥시,사망[명],22,2,1,4,0,1,2,2,0,3,1,2,4
경기,시흥시,부상[명],"3,493",271,208,231,318,329,269,289,303,340,301,323,311
경기,파주시,사고[건],"1,673",127,93,124,128,137,146,148,135,145,160,150,180
경기,파주시,사망[명],27,1,1,4,0,6,1,2,1,1,2,4,4
경기,파주시,부상[명],"2,372",170,126,184,181,170,222,206,179,219,246,194,275
경기,고양시,사고[건],"3,588",339,218,220,271,341,308,313,318,309,326,304,321
경기,고양시,사망[명],37,2,1,0,6,3,6,2,5,3,2,3,4
경기,고양시,부상[명],"5,079",504,309,311,372,500,443,455,449,450,410,430,446
경기,광주시,사고[건],"2,178",170,138,159,185,185,168,177,189,177,207,178,245
경기,광주시,사망[명],12,1,0,2,1,0,2,0,0,0,0,3,3
경기,광주시,부상[명],"3,251",262,199,223,276,265,248,276,257,290,347,249,359
경기,연천군,사고[건],178,10,13,9,14,12,19,12,16,20,26,17,10
경기,연천군,사망[명],8,1,0,0,0,0,1,2,0,1,0,2,1
경기,연천군,부상[명],283,17,19,10,24,16,28,30,24,36,41,20,18
경기,포천시,사고[건],826,72,33,41,70,82,71,70,75,81,90,78,63
경기,포천시,사망[명],16,1,0,0,3,0,2,1,3,0,1,5,0
경기,포천시,부상[명],"1,336",114,48,66,114,149,129,129,104,132,142,118,91
경기,가평군,사고[건],400,23,20,17,36,45,40,46,45,34,43,26,25
경기,가평군,사망[명],3,0,0,1,0,0,0,0,1,0,1,0,0
경기,가평군,부상[명],675,40,27,26,59,80,71,81,82,45,86,43,35
경기,양평군,사고[건],490,27,24,24,46,50,40,47,52,56,47,41,36
경기,양평군,사망[명],15,0,1,0,1,0,0,3,2,2,2,2,2
경기,양평군,부상[명],751,41,36,40,66,76,56,72,72,83,81,78,50
경기,이천시,사고[건],"1,050",110,58,70,87,96,73,90,95,94,108,87,82
경기,이천시,사망[명],20,2,1,0,1,1,1,2,2,2,2,1,5
경기,이천시,부상[명],"1,607",177,89,100,114,158,114,118,139,137,215,129,117
경기,용인시,사고[건],"3,562",321,252,230,284,328,298,318,273,328,328,301,301
경기,용인시,사망[명],32,2,0,2,1,4,1,0,3,6,4,6,3
경기,용인시,부상[명],"5,477",467,367,303,430,548,441,559,404,481,495,432,550
경기,안성시,사고[건],896,75,61,57,69,79,80,70,70,77,84,87,87
경기,안성시,사망[명],17,0,3,0,2,4,0,1,0,1,3,2,1
경기,안성시,부상[명],"1,499",143,105,72,139,122,137,120,118,133,140,126,144
경기,김포시,사고[건],"1,933",178,120,118,150,168,168,154,182,151,198,169,177
경기,김포시,사망[명],11,0,1,2,0,1,0,1,0,2,2,2,0
경기,김포시,부상[명],"2,926",303,192,182,235,257,217,217,284,230,299,240,270
경기,동두천시,사고[건],273,16,17,18,26,24,23,24,23,16,26,32,28
경기,동두천시,사망[명],5,0,0,0,0,0,0,1,0,0,3,0,1
경기,동두천시,부상[명],376,24,23,22,31,35,34,31,35,19,32,50,40
경기,과천시,사고[건],208,11,14,15,13,29,12,19,18,15,19,14,29
경기,과천시,사망[명],4,0,0,0,1,1,0,0,0,0,0,0,2
경기,과천시,부상[명],354,31,23,23,16,40,19,26,37,23,28,44,44
경기,군포시,사고[건],593,54,43,45,58,61,39,48,38,46,42,60,59
경기,군포시,사망[명],9,2,0,1,1,1,2,2,0,0,0,0,0
경기,군포시,부상[명],867,84,87,61,76,90,54,57,49,67,61,102,79
경기,남양주시,사고[건],"1,970",148,125,149,139,162,172,202,167,169,189,172,176
경기,남양주시,사망[명],24,3,2,2,3,1,2,4,3,0,2,1,1
경기,남양주시,부상[명],"2,927",218,171,228,194,248,248,313,280,263,258,241,265
경기,오산시,사고[건],997,72,53,63,74,89,89,93,97,75,92,103,97
경기,오산시,사망[명],10,0,1,0,2,1,0,0,0,1,1,3,1
경기,오산시,부상[명],"1,418",103,83,87,126,108,105,129,145,107,127,163,135
경기,의왕시,사고[건],300,30,24,29,21,18,18,26,27,26,28,24,29
경기,의왕시,사망[명],10,2,0,1,2,1,1,0,1,0,2,0,0
경기,의왕시,부상[명],471,59,35,42,22,38,28,50,34,39,52,27,45
경기,하남시,사고[건],"1,133",102,59,66,97,100,95,110,90,100,99,110,105
경기,하남시,사망[명],5,0,0,0,1,0,1,1,2,0,0,0,0
경기,하남시,부상[명],"1,629",146,101,82,131,139,141,138,124,147,141,157,182
강원,합계,사고[건],"6,425",489,346,422,528,553,545,566,648,582,672,549,525
강원,합계,사망[명],139,15,2,9,6,8,20,5,12,17,17,18,10
강원,합계,부상[명],"10,160",778,542,647,830,831,819,977,"1,118",874,"1,038",859,847
강원,춘천시,사고[건],"1,382",88,77,89,115,134,130,115,143,121,150,116,104
강원,춘천시,사망[명],17,2,0,0,1,0,3,0,1,2,5,2,1
강원,춘천시,부상[명],"2,170",121,127,122,176,198,190,221,261,197,191,200,166
강원,원주시,사고[건],"1,578",136,101,128,137,143,121,130,130,134,139,124,155
강원,원주시,사망[명],18,1,0,1,2,2,2,1,4,3,1,0,1
강원,원주시,부상[명],"2,427",226,144,191,212,213,176,210,202,211,215,185,242
강원,동해시,사고[건],310,28,14,21,22,24,27,22,31,29,33,36,23
강원,동해시,사망[명],6,0,0,0,0,0,2,0,1,1,1,1,0
강원,동해시,부상[명],476,43,24,31,36,36,40,29,46,46,49,62,34
강원,강릉시,사고[건],712,60,38,47,50,45,61,61,75,69,74,73,59
강원,강릉시,사망[명],14,3,0,2,0,1,0,0,0,3,0,3,2
강원,강릉시,부상[명],"1,046",105,60,73,82,55,94,84,119,94,104,101,75
강원,속초시,사고[건],413,25,21,22,37,34,38,35,56,31,45,32,37
강원,속초시,사망[명],5,0,0,0,0,1,1,0,0,0,1,2,0
강원,속초시,부상[명],664,36,31,34,55,48,59,53,110,40,86,51,61
강원,태백시,사고[건],228,18,10,11,16,24,17,26,22,18,27,15,24
강원,태백시,사망[명],3,0,0,0,0,0,0,1,0,0,1,0,1
강원,태백시,부상[명],361,26,21,22,23,27,26,48,34,24,45,26,39
강원,삼척시,사고[건],209,9,9,15,24,19,11,23,17,19,23,29,11
강원,삼척시,사망[명],8,0,0,1,0,0,0,0,1,1,0,3,2
강원,삼척시,부상[명],289,9,13,18,37,34,18,37,22,21,28,35,17
강원,홍천군,사고[건],268,23,16,19,23,22,18,23,29,25,34,13,23
강원,홍천군,사망[명],9,0,0,1,0,1,1,1,1,1,2,1,0
강원,홍천군,부상[명],496,39,29,24,42,38,28,51,57,46,66,28,48
강원,횡성군,사고[건],152,14,8,8,16,8,9,16,16,23,17,9,8
강원,횡성군,사망[명],10,2,1,0,1,0,0,0,0,2,3,1,0
강원,횡성군,부상[명],253,14,10,13,34,13,13,37,36,32,27,14,10
강원,영월군,사고[건],149,14,8,10,7,13,14,13,14,19,11,16,10
강원,영월군,사망[명],8,1,0,0,0,1,2,0,1,0,0,2,1
강원,영월군,부상[명],247,25,14,15,8,21,20,35,20,26,19,28,16
강원,평창군,사고[건],196,9,11,8,16,14,23,14,25,20,26,16,14
강원,평창군,사망[명],13,0,0,2,1,0,2,1,1,3,2,1,0
강원,평창군,부상[명],354,27,16,13,26,24,47,21,55,26,46,26,27
강원,정선군,사고[건],158,12,10,11,14,15,11,19,19,16,12,14,5
강원,정선군,사망[명],3,2,1,0,0,0,0,0,0,0,0,0,0
강원,정선군,부상[명],246,21,22,15,22,21,14,31,34,22,19,17,8
강원,철원군,사고[건],113,7,5,6,7,11,11,16,9,10,14,6,11
강원,철원군,사망[명],1,0,0,0,0,0,0,1,0,0,0,0,0
강원,철원군,부상[명],178,9,5,12,10,20,17,27,17,17,20,9,15
강원,화천군,사고[건],87,8,3,1,9,9,6,10,6,5,10,10,10
강원,화천군,사망[명],4,3,0,0,0,0,0,0,0,0,0,0,1
강원,화천군,부상[명],161,14,6,2,14,17,6,24,11,10,19,16,22
강원,양구군,사고[건],79,6,3,4,10,8,3,5,8,4,11,13,4
강원,양구군,사망[명],5,0,0,1,0,2,1,0,1,0,0,0,0
강원,양구군,부상[명],107,10,5,4,11,10,2,6,13,7,15,19,5
강원,인제군,사고[건],89,4,4,8,6,9,13,3,10,10,12,7,3
강원,인제군,사망[명],5,1,0,1,0,0,1,0,0,1,0,1,0
강원,인제군,부상[명],151,8,6,8,15,12,18,6,24,9,30,12,3
강원,고성군,사고[건],146,8,4,6,15,11,18,21,11,10,13,12,17
강원,고성군,사망[명],2,0,0,0,1,0,0,0,0,0,0,1,0
강원,고성군,부상[명],245,8,4,7,20,30,31,29,18,13,19,15,51
강원,양양군,사고[건],156,20,4,8,4,10,14,14,27,19,21,8,7
강원,양양군,사망[명],8,0,0,0,0,0,5,0,1,0,1,0,1
강원,양양군,부상[명],289,37,5,43,7,14,20,28,39,33,40,15,8
충북,합계,사고[건],"7,644",511,445,529,634,735,660,662,675,705,753,735,600
충북,합계,사망[명],149,8,7,5,10,16,18,13,13,17,16,16,10
충북,합계,부상[명],"11,354",771,668,737,963,"1,092",974,"1,053",958,"1,091","1,125","1,035",887
충북,청주시,사고[건],"4,039",274,242,284,336,385,336,337,347,370,384,398,346
충북,청주시,사망[명],52,5,3,3,6,6,5,3,2,3,8,4,4
충북,청주시,부상[명],"5,846",391,348,401,508,556,485,506,470,562,545,563,511
충북,충주시,사고[건],"1,053",61,69,71,89,97,95,90,86,113,92,113,77
충북,충주시,사망[명],28,0,2,0,2,2,6,3,3,2,2,5,1
충북,충주시,부상[명],"1,561",96,104,97,134,155,137,140,123,172,132,156,115
충북,제천시,사고[건],701,44,31,48,54,67,65,70,65,67,84,62,44
충북,제천시,사망[명],16,0,0,0,0,3,2,2,4,3,2,0,0
충북,제천시,부상[명],"1,158",66,54,69,85,105,113,143,102,115,141,97,68
충북,보은군,사고[건],134,7,4,5,14,11,11,19,10,14,18,9,12
충북,보은군,사망[명],4,0,0,0,0,0,0,1,0,1,0,1,1
충북,보은군,부상[명],217,10,6,7,23,19,18,32,17,25,38,9,13
충북,옥천군,사고[건],120,9,10,11,11,11,9,13,9,6,12,15,4
충북,옥천군,사망[명],5,0,0,0,1,0,0,0,0,1,1,2,0
충북,옥천군,부상[명],160,14,15,12,13,16,13,18,11,10,14,20,4
충북,영동군,사고[건],133,7,6,6,15,16,11,12,11,16,12,11,10
충북,영동군,사망[명],8,0,0,0,0,1,0,2,2,3,0,0,0
충북,영동군,부상[명],187,12,11,8,25,19,20,18,14,19,15,12,14
충북,진천군,사고[건],440,37,26,36,31,42,39,36,40,36,42,37,38
충북,진천군,사망[명],7,2,1,0,0,0,1,0,0,0,3,0,0
충북,진천군,부상[명],666,66,43,45,51,61,53,59,53,56,60,53,66
충북,괴산군,사고[건],188,8,10,16,18,19,17,14,24,17,21,9,15
충북,괴산군,사망[명],9,0,0,1,0,1,2,0,1,2,0,2,0
충북,괴산군,부상[명],297,12,20,25,26,30,30,21,35,28,34,13,23
충북,음성군,사고[건],537,44,35,36,42,59,47,43,52,38,53,51,37
충북,음성군,사망[명],12,0,1,1,0,2,0,2,1,2,0,1,2
충북,음성군,부상[명],820,76,52,51,57,89,64,80,83,61,86,72,49
충북,단양군,사고[건],147,8,4,7,8,16,14,15,18,16,17,14,10
충북,단양군,사망[명],5,0,0,0,1,1,1,0,0,0,0,0,2
충북,단양군,부상[명],235,13,5,9,15,27,19,20,33,24,32,21,17
충북,증평군,사고[건],152,12,8,9,16,12,16,13,13,12,18,16,7
충북,증평군,사망[명],3,1,0,0,0,0,1,0,0,0,0,1,0
충북,증평군,부상[명],207,15,10,13,26,15,22,16,17,19,28,19,7
충남,합계,사고[건],"8,164",571,501,570,713,799,698,719,661,745,739,797,651
충남,합계,사망[명],230,17,17,15,13,16,22,17,18,31,17,24,23
충남,합계,부상[명],"11,964",803,733,811,"1,047","1,161","1,020","1,079",981,"1,093","1,138","1,109",989
충남,천안시,사고[건],"2,937",217,216,204,265,278,231,261,232,269,243,281,240
충남,천안시,사망[명],47,3,3,3,3,4,1,3,4,11,5,3,4
충남,천안시,부상[명],"4,157",291,280,284,368,380,350,393,320,385,335,417,354
충남,아산시,사고[건],"1,267",102,61,90,127,116,100,112,99,109,100,124,127
충남,아산시,사망[명],21,6,1,2,0,1,0,2,0,2,0,4,3
충남,아산시,부상[명],"1,871",133,100,128,179,172,136,165,145,165,161,194,193
충남,보령시,사고[건],331,27,18,29,21,36,27,37,33,31,33,24,15
충남,보령시,사망[명],20,1,2,2,2,0,2,1,1,4,1,2,2
충남,보령시,부상[명],486,34,41,38,33,52,37,53,56,36,68,24,14
충남,공주시,사고[건],445,32,25,20,20,37,44,36,43,35,69,41,43
충남,공주시,사망[명],13,1,1,0,3,0,2,0,2,1,0,0,3
충남,공주시,부상[명],730,40,35,32,32,61,79,51,64,78,118,50,90
충남,서산시,사고[건],615,35,44,48,60,62,44,54,44,45,68,61,50
충남,서산시,사망[명],13,0,2,0,1,1,1,3,0,4,0,1,0
충남,서산시,부상[명],912,60,60,63,101,101,64,85,74,57,95,76,76
충남,금산군,사고[건],137,10,7,8,12,19,13,8,14,12,15,9,10
충남,금산군,사망[명],6,0,1,0,0,0,2,1,1,0,1,0,0
충남,금산군,부상[명],183,13,8,12,20,21,16,9,20,17,24,10,13
충남,태안군,사고[건],267,21,14,12,21,28,33,23,18,24,29,31,13
충남,태안군,사망[명],8,1,0,0,0,0,1,0,2,1,1,1,1
충남,태안군,부상[명],436,30,35,23,36,45,44,38,25,32,62,50,16
충남,논산시,사고[건],347,19,15,24,32,29,31,37,32,38,25,43,22
충남,논산시,사망[명],18,2,0,1,2,1,1,2,0,1,3,3,2
충남,논산시,부상[명],524,28,21,44,62,39,46,62,49,51,31,60,31
충남,부여군,사고[건],198,10,10,16,11,22,21,22,20,18,18,22,8
충남,부여군,사망[명],9,0,1,0,0,0,1,1,2,0,2,2,0
충남,부여군,부상[명],290,21,17,19,16,32,37,31,31,32,22,22,10
충남,서천군,사고[건],274,17,15,21,23,34,21,21,20,23,28,27,24
충남,서천군,사망[명],9,1,0,1,0,2,2,1,0,0,1,0,1
충남,서천군,부상[명],397,24,21,32,26,52,25,28,35,31,52,41,30
충남,청양군,사고[건],185,11,11,10,11,24,22,21,9,17,14,21,14
충남,청양군,사망[명],6,0,1,1,0,1,1,0,0,0,2,0,0
충남,청양군,부상[명],276,18,17,11,19,31,37,34,9,29,18,33,20
충남,홍성군,사고[건],242,14,12,19,27,26,20,20,18,26,27,17,16
충남,홍성군,사망[명],20,0,2,1,1,1,3,0,2,4,0,2,4
충남,홍성군,부상[명],318,17,28,24,32,37,24,28,21,33,39,15,20
충남,예산군,사고[건],343,16,12,25,20,44,39,31,32,43,23,36,22
충남,예산군,사망[명],18,1,0,0,0,3,3,3,2,1,0,3,2
충남,예산군,부상[명],550,27,20,39,33,73,55,40,49,62,45,45,62
충남,당진시,사고[건],529,39,39,38,57,43,50,32,44,48,44,54,41
충남,당진시,사망[명],20,1,3,4,1,2,2,0,2,2,1,2,0
충남,당진시,부상[명],762,66,48,56,77,64,68,56,75,72,65,62,53
충남,계룡시,사고[건],47,1,2,6,6,1,2,4,3,7,3,6,6
충남,계룡시,사망[명],2,0,0,0,0,0,0,0,0,0,0,1,1
충남,계룡시,부상[명],72,1,2,6,13,1,2,6,8,13,3,10,7
전북,합계,사고[건],"5,681",426,360,405,501,519,521,487,488,478,566,516,414
전북,합계,사망[명],194,7,8,11,16,12,24,13,23,13,23,25,19
전북,합계,부상[명],"8,091",602,507,567,760,690,712,678,685,702,831,745,612
전북,전주시,사고[건],"1,918",147,123,138,169,181,173,179,156,158,173,173,148
전북,전주시,사망[명],26,2,0,3,1,3,2,0,2,3,5,2,3
전북,전주시,부상[명],"2,720",218,172,194,265,231,245,247,211,224,253,259,201
전북,군산시,사고[건],"1,167",105,75,75,94,107,113,98,110,103,116,100,71
전북,군산시,사망[명],25,2,1,0,2,2,5,2,3,1,3,3,1
전북,군산시,부상[명],"1,654",144,96,92,159,141,143,148,157,138,177,148,111
전북,정읍시,사고[건],409,27,23,27,43,35,35,34,31,30,50,42,32
전북,정읍시,사망[명],18,1,1,0,1,0,1,2,2,2,2,4,2
전북,정읍시,부상[명],606,41,35,39,65,47,51,44,50,48,79,65,42
전북,남원시,사고[건],278,16,9,26,26,24,31,23,16,23,32,32,20
전북,남원시,사망[명],14,1,1,0,1,0,3,3,0,0,1,4,0
전북,남원시,부상[명],386,21,17,32,43,31,46,27,20,30,47,38,34
전북,김제시,사고[건],253,13,17,9,28,27,16,22,22,28,30,25,16
전북,김제시,사망[명],8,0,1,0,1,0,0,0,1,4,1,0,0
전북,김제시,부상[명],374,18,22,16,47,37,29,26,32,51,39,35,22
전북,완주군,사고[건],218,6,8,15,15,22,30,16,19,12,24,22,29
전북,완주군,사망[명],20,0,1,0,1,2,1,1,2,0,3,2,7
전북,완주군,부상[명],311,10,11,18,17,23,37,25,31,25,39,34,41
전북,진안군,사고[건],62,2,3,5,7,1,8,6,7,7,4,9,3
전북,진안군,사망[명],7,0,0,0,0,0,3,0,0,2,0,1,1
전북,진안군,부상[명],95,3,6,7,11,1,10,11,17,6,6,14,3
전북,무주군,사고[건],92,8,9,6,10,5,5,8,8,7,9,9,8
전북,무주군,사망[명],8,0,0,2,3,0,1,1,0,0,1,0,0
전북,무주군,부상[명],143,12,17,13,15,12,4,9,10,12,10,15,14
전북,장수군,사고[건],40,2,4,2,2,1,1,7,2,3,8,4,4
전북,장수군,사망[명],4,0,0,1,1,0,0,0,1,0,0,1,0
전북,장수군,부상[명],52,2,5,1,2,2,1,14,1,4,10,4,6
전북,임실군,사고[건],79,8,8,4,4,7,7,5,7,11,9,6,3
전북,임실군,사망[명],4,0,0,1,0,0,1,0,0,0,2,0,0
전북,임실군,부상[명],116,12,14,3,5,7,9,8,8,20,8,17,5
전북,순창군,사고[건],103,8,6,11,13,10,5,8,9,9,9,7,8
전북,순창군,사망[명],12,1,1,2,0,1,0,2,1,0,1,2,1
전북,순창군,부상[명],145,7,7,18,21,10,5,8,15,17,14,8,15
전북,고창군,사고[건],96,2,9,5,9,11,8,10,13,9,6,7,7
전북,고창군,사망[명],13,0,0,0,1,2,2,0,5,0,0,3,0
전북,고창군,부상[명],114,3,10,5,9,15,8,11,12,15,8,6,12
전북,부안군,사고[건],140,13,12,10,10,9,21,10,15,10,13,11,6
전북,부안군,사망[명],10,0,0,1,1,1,2,0,1,0,2,1,1
전북,부안군,부상[명],190,20,18,13,12,14,26,12,23,14,14,11,13
전북,익산시,사고[건],826,69,54,72,71,79,68,61,73,68,83,69,59
전북,익산시,사망[명],25,0,2,1,3,1,3,2,5,1,2,2,3
전북,익산시,부상[명],"1,185",91,77,116,89,119,98,88,98,98,127,91,93
전남,합계,사고[건],"8,335",583,535,608,768,749,656,726,728,727,792,795,668
전남,합계,사망[명],201,19,11,16,25,11,10,15,19,24,22,13,16
전남,합계,부상[명],"12,611",854,809,908,"1,144","1,137",966,"1,130","1,155","1,094","1,243","1,175",996
전남,목포시,사고[건],"1,373",77,113,101,126,105,110,115,130,113,136,136,111
전남,목포시,사망[명],17,1,2,3,2,1,0,2,0,2,3,0,1
전남,목포시,부상[명],"2,180",115,164,148,215,167,187,194,223,187,201,215,164
전남,여수시,사고[건],"1,384",99,102,98,133,127,122,117,115,117,115,120,119
전남,여수시,사망[명],13,1,0,0,4,1,0,2,1,1,1,1,1
전남,여수시,부상[명],"1,924",134,142,141,171,173,160,186,153,156,170,164,174
전남,순천시,사고[건],"1,154",80,74,79,110,123,80,111,87,93,103,126,88
전남,순천시,사망[명],23,3,2,4,2,2,0,0,2,3,3,1,1
전남,순천시,부상[명],"1,741",119,127,107,158,161,113,169,153,147,186,174,127
전남,나주시,사고[건],403,22,16,30,35,37,35,29,33,31,42,59,34
전남,나주시,사망[명],9,1,0,0,1,0,1,1,1,0,1,0,3
전남,나주시,부상[명],638,29,25,57,53,64,44,43,53,43,80,92,55
전남,광양시,사고[건],584,46,38,53,58,50,35,49,47,56,47,54,51
전남,광양시,사망[명],17,0,0,4,4,0,2,1,2,1,1,1,1
전남,광양시,부상[명],802,56,58,72,78,69,51,60,69,76,68,70,75
전남,담양군,사고[건],302,26,12,21,30,35,18,25,26,35,27,24,23
전남,담양군,사망[명],9,2,1,0,0,0,0,0,2,0,3,0,1
전남,담양군,부상[명],498,39,14,33,38,61,30,52,47,59,44,41,40
전남,곡성군,사고[건],102,4,9,4,8,8,14,7,12,12,9,8,7
전남,곡성군,사망[명],6,0,0,0,1,0,0,2,0,2,0,0,1
전남,곡성군,부상[명],161,7,16,8,11,13,23,8,19,19,12,13,12
전남,구례군,사고[건],113,7,5,8,20,10,11,5,11,6,14,9,7
전남,구례군,사망[명],2,0,0,0,1,0,0,0,1,0,0,0,0
전남,구례군,부상[명],168,9,7,14,40,11,15,5,22,7,20,9,9
전남,고흥군,사고[건],255,18,17,12,20,23,26,23,27,26,29,20,14
전남,고흥군,사망[명],9,1,1,1,2,0,1,0,0,1,1,0,1
전남,고흥군,부상[명],380,30,23,16,29,32,36,35,57,34,43,27,18
전남,보성군,사고[건],154,17,2,18,11,12,9,12,13,11,19,12,18
전남,보성군,사망[명],5,1,0,0,1,0,0,0,2,0,0,0,1
전남,보성군,부상[명],225,26,4,22,16,19,15,18,15,14,29,26,21
전남,화순군,사고[건],263,18,13,20,24,29,25,18,21,34,22,21,18
전남,화순군,사망[명],3,0,0,0,0,1,0,1,0,1,0,0,0
전남,화순군,부상[명],408,36,28,35,30,39,34,26,33,58,27,32,30
전남,장흥군,사고[건],241,19,9,18,22,21,21,27,16,22,22,20,24
전남,장흥군,사망[명],3,0,0,0,0,0,1,0,0,0,1,1,0
전남,장흥군,부상[명],400,36,9,29,43,54,21,46,34,27,34,32,35
전남,강진군,사고[건],244,21,18,26,17,21,17,22,26,20,19,22,15
전남,강진군,사망[명],5,0,1,1,0,0,0,1,1,0,1,0,0
전남,강진군,부상[명],401,38,30,38,25,39,27,37,37,34,31,35,30
전남,해남군,사고[건],300,12,17,17,28,23,27,32,29,25,28,27,35
전남,해남군,사망[명],12,3,0,0,0,1,1,0,0,4,0,1,2
전남,해남군,부상[명],423,14,23,25,38,38,37,43,47,28,43,34,53
전남,영암군,사고[건],391,22,19,28,39,31,23,36,34,38,43,48,30
전남,영암군,사망[명],14,0,2,1,3,1,0,0,0,3,0,3,1
전남,영암군,부상[명],668,32,23,55,74,50,50,55,53,59,86,79,52
전남,무안군,사고[건],280,29,25,27,29,19,25,30,15,14,28,19,20
전남,무안군,사망[명],11,0,0,1,1,0,3,0,1,0,3,1,1
전남,무안군,부상[명],397,40,44,41,41,26,27,48,18,32,31,24,25
전남,함평군,사고[건],152,10,4,9,5,15,11,15,14,17,24,16,12
전남,함평군,사망[명],7,1,0,0,0,1,0,0,1,2,1,1,0
전남,함평군,부상[명],244,12,6,12,11,24,16,27,22,28,43,23,20
전남,영광군,사고[건],123,10,10,6,8,9,14,10,11,10,16,13,6
전남,영광군,사망[명],6,0,0,0,0,0,1,2,1,0,0,2,0
전남,영광군,부상[명],157,12,17,11,11,10,14,9,14,13,22,15,9
전남,장성군,사고[건],192,19,15,13,15,20,16,14,19,15,19,16,11
전남,장성군,사망[명],6,1,1,0,1,0,0,0,0,0,2,1,0
전남,장성군,부상[명],312,29,20,19,21,50,19,23,27,27,29,30,18
전남,완도군,사고[건],153,15,7,12,14,16,7,14,19,17,14,10,8
전남,완도군,사망[명],9,3,0,0,0,1,0,0,1,4,0,0,0
전남,완도군,부상[명],228,24,14,16,19,20,12,26,31,15,23,17,11
전남,진도군,사고[건],75,5,3,5,8,5,4,3,11,5,7,10,9
전남,진도군,사망[명],7,0,1,0,0,2,0,1,1,0,1,0,1
전남,진도군,부상[명],85,8,3,5,10,5,4,2,13,5,10,12,8
전남,신안군,사고[건],97,7,7,3,8,10,6,12,12,10,9,5,8
전남,신안군,사망[명],8,1,0,1,2,0,0,2,2,0,0,0,0
전남,신안군,부상[명],171,9,12,4,12,12,31,18,15,26,11,11,10
경북,합계,사고[건],"11,037",851,669,722,941,"1,042",957,991,"1,010",960,"1,051",991,852
경북,합계,사망[명],309,18,25,20,25,35,25,23,35,22,38,17,26
경북,합계,부상[명],"16,189","1,299",931,"1,001","1,437","1,505","1,407","1,440","1,523","1,401","1,525","1,396","1,324"
경북,포항시,사고[건],"2,203",179,152,135,199,184,203,199,183,180,181,219,189
경북,포항시,사망[명],27,1,2,3,6,4,1,2,1,0,5,1,1
경북,포항시,부상[명],"3,300",267,214,190,291,282,340,273,284,274,272,300,313
경북,경주시,사고[건],"1,206",92,82,73,119,102,97,113,103,98,117,114,96
경북,경주시,사망[명],35,1,2,1,7,5,5,1,4,1,4,2,2
경북,경주시,부상[명],"1,810",134,112,107,235,154,125,151,157,153,168,171,143
경북,김천시,사고[건],428,32,30,26,34,43,35,41,41,31,48,39,28
경북,김천시,사망[명],17,0,4,0,2,3,0,3,3,1,1,0,0
경북,김천시,부상[명],603,44,40,30,63,59,53,50,58,42,63,59,42
경북,안동시,사고[건],727,58,42,35,50,61,56,60,77,83,80,64,61
경북,안동시,사망[명],26,2,2,0,1,3,2,2,4,6,1,2,1
경북,안동시,부상[명],"1,086",98,61,49,70,95,87,90,116,118,111,98,93
경북,구미시,사고[건],"1,652",143,94,122,131,164,138,143,144,151,127,158,137
경북,구미시,사망[명],29,3,2,1,3,2,3,1,2,2,4,1,5
경북,구미시,부상[명],"2,338",203,125,179,181,232,179,232,219,211,165,212,200
경북,영주시,사고[건],414,27,25,35,33,39,43,25,54,32,43,26,32
경북,영주시,사망[명],17,1,0,4,0,2,2,2,1,1,1,0,3
경북,영주시,부상[명],538,39,32,50,46,48,48,30,68,43,60,34,40
경북,영천시,사고[건],413,42,27,21,30,39,38,48,37,32,45,29,25
경북,영천시,사망[명],20,0,5,3,0,1,0,2,2,0,3,2,2
경북,영천시,부상[명],613,72,34,21,49,48,68,71,50,51,71,40,38
경북,문경시,사고[건],279,25,11,16,17,23,26,32,28,23,28,25,25
경북,문경시,사망[명],6,1,1,1,0,0,0,1,0,0,0,1,1
경북,문경시,부상[명],442,45,11,25,28,32,37,47,48,31,58,41,39
경북,상주시,사고[건],445,33,20,33,32,42,34,39,41,47,43,45,36
경북,상주시,사망[명],23,0,0,2,1,4,1,3,4,1,3,3,1
경북,상주시,부상[명],654,47,27,38,41,60,70,66,64,63,56,58,64
경북,군위군,사고[건],93,6,1,11,7,5,11,9,6,10,6,11,10
경북,군위군,사망[명],4,0,0,0,2,0,1,0,0,0,0,0,1
경북,군위군,부상[명],165,10,1,18,6,9,13,15,10,18,17,20,28
경북,의성군,사고[건],223,14,11,17,20,22,18,18,28,16,24,20,15
경북,의성군,사망[명],9,1,0,1,0,1,0,0,1,3,1,1,0
경북,의성군,부상[명],305,20,14,31,25,24,23,26,42,22,36,25,17
경북,청송군,사고[건],93,3,1,1,9,12,6,8,12,12,16,8,5
경북,청송군,사망[명],2,0,0,0,0,0,0,0,2,0,0,0,0
경북,청송군,부상[명],132,3,4,2,19,20,8,11,12,17,22,9,5
경북,영양군,사고[건],47,3,2,3,5,3,6,2,7,4,5,4,3
경북,영양군,사망[명],3,1,0,0,0,0,0,0,1,0,1,0,0
경북,영양군,부상[명],66,2,3,3,9,5,9,2,9,6,8,5,5
경북,영덕군,사고[건],220,17,12,9,14,29,20,18,25,23,23,19,11
경북,영덕군,사망[명],10,1,0,1,1,2,0,2,0,1,2,0,0
경북,영덕군,부상[명],350,28,17,13,22,48,41,24,40,36,33,25,23
경북,청도군,사고[건],199,15,12,8,20,21,19,17,22,19,22,20,4
경북,청도군,사망[명],6,0,0,0,0,1,0,0,1,1,2,0,1
경북,청도군,부상[명],282,23,18,8,26,32,25,20,40,26,29,32,3
경북,고령군,사고[건],154,7,8,15,9,16,14,12,9,15,21,15,13
경북,고령군,사망[명],11,1,2,1,1,2,1,1,0,1,0,0,1
경북,고령군,부상[명],222,9,14,16,14,30,19,14,16,18,27,19,26
경북,성주군,사고[건],278,19,19,14,24,32,21,32,29,21,28,20,19
경북,성주군,사망[명],13,0,1,1,0,2,1,1,1,2,2,1,1
경북,성주군,부상[명],410,31,22,16,36,47,29,59,43,30,38,34,25
경북,칠곡군,사고[건],676,45,42,48,73,75,52,64,55,56,67,54,45
경북,칠곡군,사망[명],7,0,1,0,0,0,2,2,1,0,1,0,0
경북,칠곡군,부상[명],"1,073",84,66,76,113,113,73,98,89,105,104,77,75
경북,예천군,사고[건],155,15,11,6,15,9,17,8,18,12,12,19,13
경북,예천군,사망[명],8,0,0,0,1,1,2,0,1,0,1,1,1
경북,예천군,부상[명],197,18,15,11,19,8,21,10,27,15,14,23,16
경북,봉화군,사고[건],99,4,5,3,5,11,9,7,10,9,14,10,12
경북,봉화군,사망[명],6,0,0,0,0,0,1,0,3,0,1,0,1
경북,봉화군,부상[명],134,8,7,6,9,15,11,10,12,11,18,11,16
경북,울진군,사고[건],144,8,4,8,16,19,14,9,17,18,10,7,14
경북,울진군,사망[명],10,2,1,1,0,1,2,0,1,0,1,0,1
경북,울진군,부상[명],244,16,15,12,25,20,22,16,36,26,22,8,26
경북,울릉군,사고[건],15,-,-,-,1,2,1,6,1,-,4,-,-
경북,울릉군,사망[명],0,-,-,-,0,0,0,0,0,-,0,-,-
경북,울릉군,부상[명],23,-,-,-,1,6,1,9,1,-,5,-,-
경북,경산시,사고[건],874,64,58,83,78,89,79,81,63,68,87,65,59
경북,경산시,사망[명],20,3,2,0,0,1,1,0,2,2,4,2,3
경북,경산시,부상[명],"1,202",98,79,100,109,118,105,116,82,85,128,95,87
경남,합계,사고[건],"10,611",792,691,786,971,963,891,852,878,904,"1,041",986,856
경남,합계,사망[명],258,17,20,24,17,19,16,28,18,28,31,22,18
경남,합계,부상[명],"14,545","1,088",916,"1,047","1,331","1,330","1,200","1,174","1,280","1,215","1,484","1,344","1,136"
경남,진주시,사고[건],568,46,35,40,37,59,53,57,48,48,55,51,39
경남,진주시,사망[명],25,0,0,4,0,2,1,6,2,3,3,4,0
경남,진주시,부상[명],684,59,49,49,41,72,61,59,53,59,73,66,43
경남,통영시,사고[건],630,41,41,43,31,47,52,50,67,52,71,75,60
경남,통영시,사망[명],7,0,0,1,0,0,0,2,0,0,2,2,0
경남,통영시,부상[명],915,57,55,61,47,74,70,73,97,81,110,104,86
경남,김해시,사고[건],"1,924",146,132,162,170,175,152,141,161,158,170,185,172
경남,김해시,사망[명],23,1,1,2,2,3,0,0,4,2,6,2,0
경남,김해시,부상[명],"2,660",197,186,219,234,258,205,187,211,223,230,274,236
경남,밀양시,사고[건],485,34,24,25,38,46,51,45,48,36,56,42,40
경남,밀양시,사망[명],9,0,1,1,0,1,0,1,1,2,0,0,2
경남,밀양시,부상[명],698,42,25,35,55,63,66,72,83,48,93,59,57
경남,거제시,사고[건],698,54,43,65,84,57,60,56,60,60,62,54,43
경남,거제시,사망[명],14,2,1,3,0,0,1,2,0,1,1,1,2
경남,거제시,부상[명],933,66,52,78,114,83,85,71,87,80,88,73,56
경남,의령군,사고[건],112,6,11,13,12,13,9,7,8,9,10,11,3
경남,의령군,사망[명],6,0,2,0,1,1,1,1,0,0,0,0,0
경남,의령군,부상[명],130,6,11,15,12,17,11,7,10,10,14,11,6
경남,함안군,사고[건],266,24,12,18,29,23,21,25,19,21,19,26,29
경남,함안군,사망[명],9,0,0,2,1,0,0,1,1,2,1,1,0
경남,함안군,부상[명],378,34,15,20,33,32,36,33,29,33,29,46,38
경남,창녕군,사고[건],227,19,13,26,25,14,22,21,14,28,16,16,13
경남,창녕군,사망[명],9,2,0,0,0,1,1,0,0,1,3,0,1
경남,창녕군,부상[명],328,21,19,34,33,18,38,29,19,42,34,27,14
경남,양산시,사고[건],"1,232",82,92,81,146,104,95,101,85,93,125,119,109
경남,양산시,사망[명],18,0,2,0,1,1,2,4,1,3,2,1,1
경남,양산시,부상[명],"1,608",118,104,112,209,131,127,127,123,110,151,154,142
경남,고성군,사고[건],208,16,14,11,15,26,16,11,15,22,22,23,17
경남,고성군,사망[명],13,3,1,0,0,0,2,1,1,1,1,3,0
경남,고성군,부상[명],265,17,23,12,26,40,18,13,15,28,27,25,21
경남,사천시,사고[건],592,51,29,46,54,57,45,52,61,56,51,51,39
경남,사천시,사망[명],8,1,1,1,0,1,0,0,1,0,2,1,0
경남,사천시,부상[명],921,92,47,75,71,90,63,92,101,83,75,76,56
경남,남해군,사고[건],167,14,11,14,8,19,15,12,19,9,20,14,12
경남,남해군,사망[명],10,0,0,1,0,1,0,0,0,1,2,1,4
경남,남해군,부상[명],276,24,16,18,21,30,19,19,41,13,33,28,14
경남,하동군,사고[건],127,10,6,11,8,15,9,9,13,9,12,20,5
경남,하동군,사망[명],9,0,2,1,0,3,0,0,1,1,0,1,0
경남,하동군,부상[명],188,12,5,18,18,17,17,11,21,13,24,24,8
경남,산청군,사고[건],151,11,4,9,16,9,16,10,16,17,21,16,6
경남,산청군,사망[명],8,0,1,1,1,0,1,0,0,1,1,1,1
경남,산청군,부상[명],237,14,6,12,22,12,27,22,29,26,38,20,9
경남,함양군,사고[건],196,12,10,7,26,19,13,12,16,24,25,21,11
경남,함양군,사망[명],11,0,0,2,2,0,0,4,2,0,1,0,0
경남,함양군,부상[명],280,18,16,7,37,30,18,22,23,32,33,27,17
경남,거창군,사고[건],228,15,17,13,16,21,27,29,25,19,19,17,10
경남,거창군,사망[명],10,1,0,1,0,0,4,1,0,1,1,1,0
경남,거창군,부상[명],305,21,28,16,30,22,30,41,34,23,27,19,14
경남,합천군,사고[건],151,10,9,11,13,15,13,18,13,12,15,11,11
경남,합천군,사망[명],8,1,0,0,1,1,0,0,1,0,1,1,2
경남,합천군,부상[명],229,16,14,18,17,19,22,40,19,16,17,12,19
경남,창원시(통합),사고[건],"2,649",201,188,191,243,244,222,196,190,231,272,234,237
경남,창원시(통합),사망[명],61,6,8,4,8,4,3,5,3,9,4,2,5
경남,창원시(통합),부상[명],"3,510",274,245,248,311,322,287,256,285,295,388,299,300
제주,합계,사고[건],"4,039",332,301,323,338,356,351,352,373,326,366,325,296
제주,합계,사망[명],53,3,2,3,3,8,4,8,4,7,4,4,3
제주,합계,부상[명],"6,021",511,421,466,515,544,542,569,570,465,554,436,428
제주,제주시,사고[건],"2,790",228,190,230,221,264,264,247,264,206,251,218,207
제주,제주시,사망[명],39,3,1,3,3,5,2,8,2,5,2,3,2
제주,제주시,부상[명],"4,122",329,272,333,323,408,404,400,398,289,378,286,302
제주,서귀포시,사고[건],"1,249",104,111,93,117,92,87,105,109,120,115,107,89
제주,서귀포시,사망[명],14,0,1,0,0,3,2,0,2,2,2,1,1
제주,서귀포시,부상[명],"1,899",182,149,133,192,136,138,169,172,176,176,150,126
출처) 도로교통공단.,,,,,,,,,,,,,,,
